;; Object font-utils
;; EIEIO PERSISTENT OBJECT
(pcache-repository "font-utils"
  :file "font-utils"
  :object-name "font-utils"
  :version "27.0.50/0.4"
  :entries #s(hash-table size 65 test eql rehash-size 1.5 rehash-threshold 0.8125 data (checksum-w:ns-h:localhost-e:27\.0\.50-l:0\.7\.8 (pcache-entry "pcache-entry-4351d91c" :timestamp 1522768758.670612 :ttl 7776000 :value "05c7f2e754eb70d9815fa92c3d9018db") font-names-w:ns-h:localhost-e:27\.0\.50-l:0\.7\.8 (pcache-entry "pcache-entry-43b006d4" :timestamp 1522768758.670805 :ttl 7776000 :value #s(hash-table size 3455 test equal rehash-size 1.5 rehash-threshold 0.8125 data ("!PAUL MAUL" "!Paul Maul" "!PAULMAUL" "!Paul Maul" "!PAUL_MAUL" "!Paul Maul" "!PAUL-MAUL" "!Paul Maul" "101! STAR STUDDED" "101! StaR StuDDeD" "101!STARSTUDDED" "101! StaR StuDDeD" "101!_STAR_STUDDED" "101! StaR StuDDeD" "101!-STAR-STUDDED" "101! StaR StuDDeD" "101! STA R STU DDE D" "101! StaR StuDDeD" "101!_STA_R_STU_DDE_D" "101! StaR StuDDeD" "101!-STA-R-STU-DDE-D" "101! StaR StuDDeD" "3D NOISE" "3D Noise" "3DNOISE" "3D Noise" "3D_NOISE" "3D Noise" "3D-NOISE" "3D Noise" "90 STARS BRK" "90 Stars BRK" "90STARSBRK" "90 Stars BRK" "90_STARS_BRK" "90 Stars BRK" "90-STARS-BRK" "90 Stars BRK" "A WORK OF ART" "A Work Of Art" "AWORKOFART" "A Work Of Art" "A_WORK_OF_ART" "A Work Of Art" "A-WORK-OF-ART" "A Work Of Art" "A-J KNOTS" "A-J knots" "A-JKNOTS" "A-J knots" "A-J_KNOTS" "A-J knots" "A-J-KNOTS" "A-J knots" "ABUSIVE PENCIL" "Abusive Pencil" "ABUSIVEPENCIL" "Abusive Pencil" "ABUSIVE_PENCIL" "Abusive Pencil" "ABUSIVE-PENCIL" "Abusive Pencil" "ADVENTURE TIME" "Adventure Time" "ADVENTURETIME" "Adventure Time" "ADVENTURE_TIME" "Adventure Time" "ADVENTURE-TIME" "Adventure Time" "AFFECTIONATELY YOURS" "Affectionately Yours" "AFFECTIONATELYYOURS" "Affectionately Yours" "AFFECTIONATELY_YOURS" "Affectionately Yours" "AFFECTIONATELY-YOURS" "Affectionately Yours" "AFTERSCHOOL FESTIVAL" "Afterschool Festival" "AFTERSCHOOLFESTIVAL" "Afterschool Festival" "AFTERSCHOOL_FESTIVAL" "Afterschool Festival" "AFTERSCHOOL-FESTIVAL" "Afterschool Festival" "AIRPORT ICONS" "Airport Icons" "AIRPORTICONS" "Airport Icons" "AIRPORT_ICONS" "Airport Icons" "AIRPORT-ICONS" "Airport Icons" "AL BAYAN" "Al Bayan" "ALBAYAN" "Al Bayan" "AL_BAYAN" "Al Bayan" "AL-BAYAN" "Al Bayan" "AL NILE" "Al Nile" "ALNILE" "Al Nile" "AL_NILE" "Al Nile" "AL-NILE" "Al Nile" "AL TARIKH" "Al Tarikh" "ALTARIKH" "Al Tarikh" "AL_TARIKH" "Al Tarikh" "AL-TARIKH" "Al Tarikh" "ALIENCONS TWO" "Aliencons two" "ALIENCONSTWO" "Aliencons two" "ALIENCONS_TWO" "Aliencons two" "ALIENCONS-TWO" "Aliencons two" "ALLURA" "Allura" "ALTHEA" "Althea" "AMATIC" "Amatic" "AMATIC SC" "Amatic SC" "AMATICSC" "Amatic SC" "AMATIC_SC" "Amatic SC" "AMATIC-SC" "Amatic SC" "AMBITION & INK" "Ambition & Ink" "AMBITION&INK" "Ambition & Ink" "AMBITION_&_INK" "Ambition & Ink" "AMBITION-&-INK" "Ambition & Ink" "AMERICAN TYPEWRITER" "American Typewriter" "AMERICANTYPEWRITER" "American Typewriter" "AMERICAN_TYPEWRITER" "American Typewriter" "AMERICAN-TYPEWRITER" "American Typewriter" "AMETHYST" "Amethyst" "ANDALE MONO" "Andale Mono" "ANDALEMONO" "Andale Mono" "ANDALE_MONO" "Andale Mono" "ANDALE-MONO" "Andale Mono" "ANGELS MESSAGE" "Angels Message" "ANGELSMESSAGE" "Angels Message" "ANGELS_MESSAGE" "Angels Message" "ANGELS-MESSAGE" "Angels Message" "ANGOLETTAREGULAR" "AngolettaRegular" "ANGOLETTA REGULAR" "AngolettaRegular" "ANGOLETTA_REGULAR" "AngolettaRegular" "ANGOLETTA-REGULAR" "AngolettaRegular" "ANNIE USE YOUR TELESCOPE" "Annie Use Your Telescope" "ANNIEUSEYOURTELESCOPE" "Annie Use Your Telescope" "ANNIE_USE_YOUR_TELESCOPE" "Annie Use Your Telescope" "ANNIE-USE-YOUR-TELESCOPE" "Annie Use Your Telescope" "ANNON" "Annon" "ANONYMOUS PRO" "Anonymous Pro" "ANONYMOUSPRO" "Anonymous Pro" "ANONYMOUS_PRO" "Anonymous Pro" "ANONYMOUS-PRO" "Anonymous Pro" "APPLE BRAILLE" "Apple Braille" "APPLEBRAILLE" "Apple Braille" "APPLE_BRAILLE" "Apple Braille" "APPLE-BRAILLE" "Apple Braille" "APPLE CHANCERY" "Apple Chancery" "APPLECHANCERY" "Apple Chancery" "APPLE_CHANCERY" "Apple Chancery" "APPLE-CHANCERY" "Apple Chancery" "APPLE COLOR EMOJI" "Apple Color Emoji" "APPLECOLOREMOJI" "Apple Color Emoji" "APPLE_COLOR_EMOJI" "Apple Color Emoji" "APPLE-COLOR-EMOJI" "Apple Color Emoji" "APPLE GARAMOND" "Apple Garamond" "APPLEGARAMOND" "Apple Garamond" "APPLE_GARAMOND" "Apple Garamond" "APPLE-GARAMOND" "Apple Garamond" "APPLE GARAMOND LIGHT" "Apple Garamond Light" "APPLEGARAMONDLIGHT" "Apple Garamond Light" "APPLE_GARAMOND_LIGHT" "Apple Garamond Light" "APPLE-GARAMOND-LIGHT" "Apple Garamond Light" "APPLE SD GOTHIC NEO" "Apple SD Gothic Neo" "APPLESDGOTHICNEO" "Apple SD Gothic Neo" "APPLE_SD_GOTHIC_NEO" "Apple SD Gothic Neo" "APPLE-SD-GOTHIC-NEO" "Apple SD Gothic Neo" "APPLE SYMBOLS" "Apple Symbols" "APPLESYMBOLS" "Apple Symbols" "APPLE_SYMBOLS" "Apple Symbols" "APPLE-SYMBOLS" "Apple Symbols" "APPLEGOTHIC" "AppleGothic" "APPLE GOTHIC" "AppleGothic" "APPLE_GOTHIC" "AppleGothic" "APPLE-GOTHIC" "AppleGothic" "APPLEMYUNGJO" "AppleMyungjo" "APPLE MYUNGJO" "AppleMyungjo" "APPLE_MYUNGJO" "AppleMyungjo" "APPLE-MYUNGJO" "AppleMyungjo" "ARCHITECTS DAUGHTER" "Architects Daughter" "ARCHITECTSDAUGHTER" "Architects Daughter" "ARCHITECTS_DAUGHTER" "Architects Daughter" "ARCHITECTS-DAUGHTER" "Architects Daughter" "ARCHITECTS DRAFT" "Architects Draft" "ARCHITECTSDRAFT" "Architects Draft" "ARCHITECTS_DRAFT" "Architects Draft" "ARCHITECTS-DRAFT" "Architects Draft" "ARCHITECTS DRAFT BOLD" "Architects Draft Bold" "ARCHITECTSDRAFTBOLD" "Architects Draft Bold" "ARCHITECTS_DRAFT_BOLD" "Architects Draft Bold" "ARCHITECTS-DRAFT-BOLD" "Architects Draft Bold" "ARIAL" "Arial" "ARIAL BLACK" "Arial Black" "ARIALBLACK" "Arial Black" "ARIAL_BLACK" "Arial Black" "ARIAL-BLACK" "Arial Black" "ARIAL HEBREW" "Arial Hebrew" "ARIALHEBREW" "Arial Hebrew" "ARIAL_HEBREW" "Arial Hebrew" "ARIAL-HEBREW" "Arial Hebrew" "ARIAL HEBREW SCHOLAR" "Arial Hebrew Scholar" "ARIALHEBREWSCHOLAR" "Arial Hebrew Scholar" "ARIAL_HEBREW_SCHOLAR" "Arial Hebrew Scholar" "ARIAL-HEBREW-SCHOLAR" "Arial Hebrew Scholar" "ARIAL NARROW" "Arial Narrow" "ARIALNARROW" "Arial Narrow" "ARIAL_NARROW" "Arial Narrow" "ARIAL-NARROW" "Arial Narrow" "ARIAL ROUNDED MT BOLD" "Arial Rounded MT Bold" "ARIALROUNDEDMTBOLD" "Arial Rounded MT Bold" "ARIAL_ROUNDED_MT_BOLD" "Arial Rounded MT Bold" "ARIAL-ROUNDED-MT-BOLD" "Arial Rounded MT Bold" "ARIAL UNICODE MS" "Arial Unicode MS" "ARIALUNICODEMS" "Arial Unicode MS" "ARIAL_UNICODE_MS" "Arial Unicode MS" "ARIAL-UNICODE-MS" "Arial Unicode MS" "ARMADAPIRATA" "ArmadaPirata" "ARMADA PIRATA" "ArmadaPirata" "ARMADA_PIRATA" "ArmadaPirata" "ARMADA-PIRATA" "ArmadaPirata" "ARROW CRAFTER" "Arrow Crafter" "ARROWCRAFTER" "Arrow Crafter" "ARROW_CRAFTER" "Arrow Crafter" "ARROW-CRAFTER" "Arrow Crafter" "ASCENT 2 STARDOM" "Ascent 2 Stardom" "ASCENT2STARDOM" "Ascent 2 Stardom" "ASCENT_2_STARDOM" "Ascent 2 Stardom" "ASCENT-2-STARDOM" "Ascent 2 Stardom" "ASPARAGUS SPROUTS" "Asparagus Sprouts" "ASPARAGUSSPROUTS" "Asparagus Sprouts" "ASPARAGUS_SPROUTS" "Asparagus Sprouts" "ASPARAGUS-SPROUTS" "Asparagus Sprouts" "ASSASSIN$" "Assassin$" "ATHELAS" "Athelas" "AVENIR" "Avenir" "AVENIR NEXT" "Avenir Next" "AVENIRNEXT" "Avenir Next" "AVENIR_NEXT" "Avenir Next" "AVENIR-NEXT" "Avenir Next" "AVENIR NEXT CONDENSED" "Avenir Next Condensed" "AVENIRNEXTCONDENSED" "Avenir Next Condensed" "AVENIR_NEXT_CONDENSED" "Avenir Next Condensed" "AVENIR-NEXT-CONDENSED" "Avenir Next Condensed" "AVER" "Aver" "AYUTHAYA" "Ayuthaya" "BIKES" "BIKES" "BAGHDAD" "Baghdad" "BANGLA MN" "Bangla MN" "BANGLAMN" "Bangla MN" "BANGLA_MN" "Bangla MN" "BANGLA-MN" "Bangla MN" "BANGLA SANGAM MN" "Bangla Sangam MN" "BANGLASANGAMMN" "Bangla Sangam MN" "BANGLA_SANGAM_MN" "Bangla Sangam MN" "BANGLA-SANGAM-MN" "Bangla Sangam MN" "BAOLI SC" "Baoli SC" "BAOLISC" "Baoli SC" "BAOLI_SC" "Baoli SC" "BAOLI-SC" "Baoli SC" "BAROKAH" "Barokah" "BASKERVILLE" "Baskerville" "BEFORE THE RAIN" "Before the Rain" "BEFORETHERAIN" "Before the Rain" "BEFORE_THE_RAIN" "Before the Rain" "BEFORE-THE-RAIN" "Before the Rain" "BEFORE THE RAIN SWASHES DEMO" "Before the Rain Swashes DEMO" "BEFORETHERAINSWASHESDEMO" "Before the Rain Swashes DEMO" "BEFORE_THE_RAIN_SWASHES_DEMO" "Before the Rain Swashes DEMO" "BEFORE-THE-RAIN-SWASHES-DEMO" "Before the Rain Swashes DEMO" "BEIRUT" "Beirut" "BENEATH THE SURFACE DINGBATS" "Beneath the Surface Dingbats" "BENEATHTHESURFACEDINGBATS" "Beneath the Surface Dingbats" "BENEATH_THE_SURFACE_DINGBATS" "Beneath the Surface Dingbats" "BENEATH-THE-SURFACE-DINGBATS" "Beneath the Surface Dingbats" "BERGAMOT ORNAMENTS" "Bergamot Ornaments" "BERGAMOTORNAMENTS" "Bergamot Ornaments" "BERGAMOT_ORNAMENTS" "Bergamot Ornaments" "BERGAMOT-ORNAMENTS" "Bergamot Ornaments" "BERYLIUM" "Berylium" "BETTER TOGETHER" "Better Together" "BETTERTOGETHER" "Better Together" "BETTER_TOGETHER" "Better Together" "BETTER-TOGETHER" "Better Together" "BETTER GET READY" "Better get ready" "BETTERGETREADY" "Better get ready" "BETTER_GET_READY" "Better get ready" "BETTER-GET-READY" "Better get ready" "BEYOND WONDERLAND" "Beyond Wonderland" "BEYONDWONDERLAND" "Beyond Wonderland" "BEYOND_WONDERLAND" "Beyond Wonderland" "BEYOND-WONDERLAND" "Beyond Wonderland" "BIG CASLON" "Big Caslon" "BIGCASLON" "Big Caslon" "BIG_CASLON" "Big Caslon" "BIG-CASLON" "Big Caslon" "BILBO" "Bilbo" "BILLION STARS PERSONAL USE " "Billion Stars Personal Use " "BILLION STARS PERSONAL USE" "Billion Stars Personal Use " "BILLIONSTARSPERSONALUSE" "Billion Stars Personal Use " "BILLION_STARS_PERSONAL_USE" "Billion Stars Personal Use " "BILLION-STARS-PERSONAL-USE" "Billion Stars Personal Use " "BIRDS TFB" "Birds TFB" "BIRDSTFB" "Birds TFB" "BIRDS_TFB" "Birds TFB" "BIRDS-TFB" "Birds TFB" "BLACK & WHITE BANNERS" "Black & White Banners" "BLACK&WHITEBANNERS" "Black & White Banners" "BLACK_&_WHITE_BANNERS" "Black & White Banners" "BLACK-&-WHITE-BANNERS" "Black & White Banners" "BLACKLETTER BUFFOONERY" "Blackletter Buffoonery" "BLACKLETTERBUFFOONERY" "Blackletter Buffoonery" "BLACKLETTER_BUFFOONERY" "Blackletter Buffoonery" "BLACKLETTER-BUFFOONERY" "Blackletter Buffoonery" "BLACKLISTED" "Blacklisted" "BLUEPRINTED" "BluePrinted" "BLUE PRINTED" "BluePrinted" "BLUE_PRINTED" "BluePrinted" "BLUE-PRINTED" "BluePrinted" "BODONI ORNAMENTS" "Bodoni Ornaments" "BODONIORNAMENTS" "Bodoni Ornaments" "BODONI_ORNAMENTS" "Bodoni Ornaments" "BODONI-ORNAMENTS" "Bodoni Ornaments" "BONE" "Bone" "BORDER CORNERS" "Border Corners" "BORDERCORNERS" "Border Corners" "BORDER_CORNERS" "Border Corners" "BORDER-CORNERS" "Border Corners" "BRADLEY HAND" "Bradley Hand" "BRADLEYHAND" "Bradley Hand" "BRADLEY_HAND" "Bradley Hand" "BRADLEY-HAND" "Bradley Hand" "BRUSH SCRIPT MT" "Brush Script MT" "BRUSHSCRIPTMT" "Brush Script MT" "BRUSH_SCRIPT_MT" "Brush Script MT" "BRUSH-SCRIPT-MT" "Brush Script MT" "BUBBLE" "Bubble" "BUNDESLIGA" "Bundesliga" "BURTON'S NIGHTMARE" "Burton's Nightmare" "BURTON'SNIGHTMARE" "Burton's Nightmare" "BURTON'S_NIGHTMARE" "Burton's Nightmare" "BURTON'S-NIGHTMARE" "Burton's Nightmare" "CF NELSONOLDNEWSPAPER" "CF NelsonOldNewsPaper" "CFNELSONOLDNEWSPAPER" "CF NelsonOldNewsPaper" "CF_NELSONOLDNEWSPAPER" "CF NelsonOldNewsPaper" "CF-NELSONOLDNEWSPAPER" "CF NelsonOldNewsPaper" "CF NELSON OLD NEWS PAPER" "CF NelsonOldNewsPaper" "CF_NELSON_OLD_NEWS_PAPER" "CF NelsonOldNewsPaper" "CF-NELSON-OLD-NEWS-PAPER" "CF NelsonOldNewsPaper" "CK ALI'S HAND" "CK Ali's Hand" "CKALI'SHAND" "CK Ali's Hand" "CK_ALI'S_HAND" "CK Ali's Hand" "CK-ALI'S-HAND" "CK Ali's Hand" "CK BECKY" "CK Becky" "CKBECKY" "CK Becky" "CK_BECKY" "CK Becky" "CK-BECKY" "CK Becky" "CK JOT" "CK Jot" "CKJOT" "CK Jot" "CK_JOT" "CK Jot" "CK-JOT" "CK Jot" "CMU BRIGHT" "CMU Bright" "CMUBRIGHT" "CMU Bright" "CMU_BRIGHT" "CMU Bright" "CMU-BRIGHT" "CMU Bright" "CMU CLASSICAL SERIF" "CMU Classical Serif" "CMUCLASSICALSERIF" "CMU Classical Serif" "CMU_CLASSICAL_SERIF" "CMU Classical Serif" "CMU-CLASSICAL-SERIF" "CMU Classical Serif" "CMU CONCRETE" "CMU Concrete" "CMUCONCRETE" "CMU Concrete" "CMU_CONCRETE" "CMU Concrete" "CMU-CONCRETE" "CMU Concrete" "CMU SANS SERIF" "CMU Sans Serif" "CMUSANSSERIF" "CMU Sans Serif" "CMU_SANS_SERIF" "CMU Sans Serif" "CMU-SANS-SERIF" "CMU Sans Serif" "CMU SANS SERIF DEMI CONDENSED" "CMU Sans Serif Demi Condensed" "CMUSANSSERIFDEMICONDENSED" "CMU Sans Serif Demi Condensed" "CMU_SANS_SERIF_DEMI_CONDENSED" "CMU Sans Serif Demi Condensed" "CMU-SANS-SERIF-DEMI-CONDENSED" "CMU Sans Serif Demi Condensed" "CMU SERIF" "CMU Serif" "CMUSERIF" "CMU Serif" "CMU_SERIF" "CMU Serif" "CMU-SERIF" "CMU Serif" "CMU SERIF EXTRA" "CMU Serif Extra" "CMUSERIFEXTRA" "CMU Serif Extra" "CMU_SERIF_EXTRA" "CMU Serif Extra" "CMU-SERIF-EXTRA" "CMU Serif Extra" "CMU SERIF UPRIGHT ITALIC" "CMU Serif Upright Italic" "CMUSERIFUPRIGHTITALIC" "CMU Serif Upright Italic" "CMU_SERIF_UPRIGHT_ITALIC" "CMU Serif Upright Italic" "CMU-SERIF-UPRIGHT-ITALIC" "CMU Serif Upright Italic" "CMU TYPEWRITER TEXT" "CMU Typewriter Text" "CMUTYPEWRITERTEXT" "CMU Typewriter Text" "CMU_TYPEWRITER_TEXT" "CMU Typewriter Text" "CMU-TYPEWRITER-TEXT" "CMU Typewriter Text" "CMU TYPEWRITER TEXT VARIABLE WIDTH" "CMU Typewriter Text Variable Width" "CMUTYPEWRITERTEXTVARIABLEWIDTH" "CMU Typewriter Text Variable Width" "CMU_TYPEWRITER_TEXT_VARIABLE_WIDTH" "CMU Typewriter Text Variable Width" "CMU-TYPEWRITER-TEXT-VARIABLE-WIDTH" "CMU Typewriter Text Variable Width" "CANDLESCRIPT DEMO VERSION" "Candlescript Demo Version" "CANDLESCRIPTDEMOVERSION" "Candlescript Demo Version" "CANDLESCRIPT_DEMO_VERSION" "Candlescript Demo Version" "CANDLESCRIPT-DEMO-VERSION" "Candlescript Demo Version" "CEDARVILLE CURSIVE" "Cedarville Cursive" "CEDARVILLECURSIVE" "Cedarville Cursive" "CEDARVILLE_CURSIVE" "Cedarville Cursive" "CEDARVILLE-CURSIVE" "Cedarville Cursive" "CHALKBOARD" "Chalkboard" "CHALKBOARD SE" "Chalkboard SE" "CHALKBOARDSE" "Chalkboard SE" "CHALKBOARD_SE" "Chalkboard SE" "CHALKBOARD-SE" "Chalkboard SE" "CHALKDUSTER" "Chalkduster" "CHAPAZA" "Chapaza" "CHAPAZA ITALIC" "Chapaza Italic" "CHAPAZAITALIC" "Chapaza Italic" "CHAPAZA_ITALIC" "Chapaza Italic" "CHAPAZA-ITALIC" "Chapaza Italic" "CHARTER" "Charter" "CHILDREN OF THE STARLIGHT" "Children of the Starlight" "CHILDRENOFTHESTARLIGHT" "Children of the Starlight" "CHILDREN_OF_THE_STARLIGHT" "Children of the Starlight" "CHILDREN-OF-THE-STARLIGHT" "Children of the Starlight" "CHOPINSCRIPT" "ChopinScript" "CHOPIN SCRIPT" "ChopinScript" "CHOPIN_SCRIPT" "ChopinScript" "CHOPIN-SCRIPT" "ChopinScript" "CINZEL" "Cinzel" "CINZEL DECORATIVE" "Cinzel Decorative" "CINZELDECORATIVE" "Cinzel Decorative" "CINZEL_DECORATIVE" "Cinzel Decorative" "CINZEL-DECORATIVE" "Cinzel Decorative" "CLIPPER SCRIPT (PERSONAL USE)" "Clipper Script (Personal Use)" "CLIPPERSCRIPT(PERSONALUSE)" "Clipper Script (Personal Use)" "CLIPPER_SCRIPT_(PERSONAL_USE)" "Clipper Script (Personal Use)" "CLIPPER-SCRIPT-(PERSONAL-USE)" "Clipper Script (Personal Use)" "CLIPPER SCRIPT FAT (PERSONAL USE)" "Clipper Script Fat (Personal Use)" "CLIPPERSCRIPTFAT(PERSONALUSE)" "Clipper Script Fat (Personal Use)" "CLIPPER_SCRIPT_FAT_(PERSONAL_USE)" "Clipper Script Fat (Personal Use)" "CLIPPER-SCRIPT-FAT-(PERSONAL-USE)" "Clipper Script Fat (Personal Use)" "CLOVER THINGS" "Clover Things" "CLOVERTHINGS" "Clover Things" "CLOVER_THINGS" "Clover Things" "CLOVER-THINGS" "Clover Things" "COCAINE SANS" "Cocaine Sans" "COCAINESANS" "Cocaine Sans" "COCAINE_SANS" "Cocaine Sans" "COCAINE-SANS" "Cocaine Sans" "COCHIN" "Cochin" "COMIC SANS MS" "Comic Sans MS" "COMICSANSMS" "Comic Sans MS" "COMIC_SANS_MS" "Comic Sans MS" "COMIC-SANS-MS" "Comic Sans MS" "CONSTANTINE" "Constantine" "COOKIESANDCREAM" "Cookiesandcream" "COOKIESANDCREAMEXTRAS" "CookiesandcreamExtras" "COOKIESANDCREAM EXTRAS" "CookiesandcreamExtras" "COOKIESANDCREAM_EXTRAS" "CookiesandcreamExtras" "COOKIESANDCREAM-EXTRAS" "CookiesandcreamExtras" "COPPERPLATE" "Copperplate" "CORMORANT" "Cormorant" "CORMORANT UPRIGHT" "Cormorant Upright" "CORMORANTUPRIGHT" "Cormorant Upright" "CORMORANT_UPRIGHT" "Cormorant Upright" "CORMORANT-UPRIGHT" "Cormorant Upright" "CORNUCOPIA OF DINGBATS FOUR" "Cornucopia of Dingbats Four" "CORNUCOPIAOFDINGBATSFOUR" "Cornucopia of Dingbats Four" "CORNUCOPIA_OF_DINGBATS_FOUR" "Cornucopia of Dingbats Four" "CORNUCOPIA-OF-DINGBATS-FOUR" "Cornucopia of Dingbats Four" "CORSIVA HEBREW" "Corsiva Hebrew" "CORSIVAHEBREW" "Corsiva Hebrew" "CORSIVA_HEBREW" "Corsiva Hebrew" "CORSIVA-HEBREW" "Corsiva Hebrew" "COURIER" "Courier" "COURIER NEW" "Courier New" "COURIERNEW" "Courier New" "COURIER_NEW" "Courier New" "COURIER-NEW" "Courier New" "COVENANT" "Covenant" "COVINGTON" "Covington" "COVINGTON COND" "Covington Cond" "COVINGTONCOND" "Covington Cond" "COVINGTON_COND" "Covington Cond" "COVINGTON-COND" "Covington Cond" "COVINGTON EXP" "Covington Exp" "COVINGTONEXP" "Covington Exp" "COVINGTON_EXP" "Covington Exp" "COVINGTON-EXP" "Covington Exp" "COVINGTON REV" "Covington Rev" "COVINGTONREV" "Covington Rev" "COVINGTON_REV" "Covington Rev" "COVINGTON-REV" "Covington Rev" "COVINGTON SC" "Covington SC" "COVINGTONSC" "Covington SC" "COVINGTON_SC" "Covington SC" "COVINGTON-SC" "Covington SC" "COVINGTON SC COND" "Covington SC Cond" "COVINGTONSCCOND" "Covington SC Cond" "COVINGTON_SC_COND" "Covington SC Cond" "COVINGTON-SC-COND" "Covington SC Cond" "COVINGTON SC EXP" "Covington SC Exp" "COVINGTONSCEXP" "Covington SC Exp" "COVINGTON_SC_EXP" "Covington SC Exp" "COVINGTON-SC-EXP" "Covington SC Exp" "COVINGTON SC REV" "Covington SC Rev" "COVINGTONSCREV" "Covington SC Rev" "COVINGTON_SC_REV" "Covington SC Rev" "COVINGTON-SC-REV" "Covington SC Rev" "COVINGTON SC SHADOW" "Covington SC Shadow" "COVINGTONSCSHADOW" "Covington SC Shadow" "COVINGTON_SC_SHADOW" "Covington SC Shadow" "COVINGTON-SC-SHADOW" "Covington SC Shadow" "COVINGTON SHADOW" "Covington Shadow" "COVINGTONSHADOW" "Covington Shadow" "COVINGTON_SHADOW" "Covington Shadow" "COVINGTON-SHADOW" "Covington Shadow" "CROP CIRCLE DINGBATS" "Crop Circle Dingbats" "CROPCIRCLEDINGBATS" "Crop Circle Dingbats" "CROP_CIRCLE_DINGBATS" "Crop Circle Dingbats" "CROP-CIRCLE-DINGBATS" "Crop Circle Dingbats" "CURSIF" "Cursif" "CURSIF & LIGNES" "Cursif & Lignes" "CURSIF&LIGNES" "Cursif & Lignes" "CURSIF_&_LIGNES" "Cursif & Lignes" "CURSIF-&-LIGNES" "Cursif & Lignes" "DIN ALTERNATE" "DIN Alternate" "DINALTERNATE" "DIN Alternate" "DIN_ALTERNATE" "DIN Alternate" "DIN-ALTERNATE" "DIN Alternate" "DIN CONDENSED" "DIN Condensed" "DINCONDENSED" "DIN Condensed" "DIN_CONDENSED" "DIN Condensed" "DIN-CONDENSED" "DIN Condensed" "DJB FILE FOLDER LABELS" "DJB File Folder Labels" "DJBFILEFOLDERLABELS" "DJB File Folder Labels" "DJB_FILE_FOLDER_LABELS" "DJB File Folder Labels" "DJB-FILE-FOLDER-LABELS" "DJB File Folder Labels" "DAMASCUS" "Damascus" "DANCING SCRIPT" "Dancing Script" "DANCINGSCRIPT" "Dancing Script" "DANCING_SCRIPT" "Dancing Script" "DANCING-SCRIPT" "Dancing Script" "DANIEL" "Daniel" "DARK & BLACK" "Dark & Black" "DARK&BLACK" "Dark & Black" "DARK_&_BLACK" "Dark & Black" "DARK-&-BLACK" "Dark & Black" "DATA CARDS ST" "Data Cards St" "DATACARDSST" "Data Cards St" "DATA_CARDS_ST" "Data Cards St" "DATA-CARDS-ST" "Data Cards St" "DAY ROMAN" "Day Roman" "DAYROMAN" "Day Roman" "DAY_ROMAN" "Day Roman" "DAY-ROMAN" "Day Roman" "DEAREST" "Dearest" "DEAREST OPEN" "Dearest Open" "DEARESTOPEN" "Dearest Open" "DEAREST_OPEN" "Dearest Open" "DEAREST-OPEN" "Dearest Open" "DEAREST OUTLINE" "Dearest Outline" "DEARESTOUTLINE" "Dearest Outline" "DEAREST_OUTLINE" "Dearest Outline" "DEAREST-OUTLINE" "Dearest Outline" "DECO FREEHAND" "Deco Freehand" "DECOFREEHAND" "Deco Freehand" "DECO_FREEHAND" "Deco Freehand" "DECO-FREEHAND" "Deco Freehand" "DERIVIA" "Derivia" "DEUTSCH GOTHIC" "Deutsch Gothic" "DEUTSCHGOTHIC" "Deutsch Gothic" "DEUTSCH_GOTHIC" "Deutsch Gothic" "DEUTSCH-GOTHIC" "Deutsch Gothic" "DEVANAGARI MT" "Devanagari MT" "DEVANAGARIMT" "Devanagari MT" "DEVANAGARI_MT" "Devanagari MT" "DEVANAGARI-MT" "Devanagari MT" "DEVANAGARI SANGAM MN" "Devanagari Sangam MN" "DEVANAGARISANGAMMN" "Devanagari Sangam MN" "DEVANAGARI_SANGAM_MN" "Devanagari Sangam MN" "DEVANAGARI-SANGAM-MN" "Devanagari Sangam MN" "DIDOT" "Didot" "DIGIZEN" "Digizen" "DING-O-SAURS" "Ding-o-saurs" "DINGDONGS" "DingDongs" "DING DONGS" "DingDongs" "DING_DONGS" "DingDongs" "DING-DONGS" "DingDongs" "DINGMAPS" "DingMaps" "DING MAPS" "DingMaps" "DING_MAPS" "DingMaps" "DING-MAPS" "DingMaps" "DINGLEBERRIES" "Dingleberries" "DINOSAURS" "Dinosaurs" "DINOZ" "Dinoz" "DOODFLOW" "DoodFlow" "DOOD FLOW" "DoodFlow" "DOOD_FLOW" "DoodFlow" "DOOD-FLOW" "DoodFlow" "DOODLE GUM" "Doodle Gum" "DOODLEGUM" "Doodle Gum" "DOODLE_GUM" "Doodle Gum" "DOODLE-GUM" "Doodle Gum" "DRAGON IS COMING" "Dragon is Coming" "DRAGONISCOMING" "Dragon is Coming" "DRAGON_IS_COMING" "Dragon is Coming" "DRAGON-IS-COMING" "Dragon is Coming" "DRAUGHTWORK DEMO" "Draughtwork Demo" "DRAUGHTWORKDEMO" "Draughtwork Demo" "DRAUGHTWORK_DEMO" "Draughtwork Demo" "DRAUGHTWORK-DEMO" "Draughtwork Demo" "DRONE ATTACK" "Drone Attack" "DRONEATTACK" "Drone Attack" "DRONE_ATTACK" "Drone Attack" "DRONE-ATTACK" "Drone Attack" "DUERERLATINCAPITALS" "DuererLatinCapitals" "DUERER LATIN CAPITALS" "DuererLatinCapitals" "DUERER_LATIN_CAPITALS" "DuererLatinCapitals" "DUERER-LATIN-CAPITALS" "DuererLatinCapitals" "DUERERLATINCONSTRUCTIONCAPITALS" "DuererLatinConstructionCapitals" "DUERER LATIN CONSTRUCTION CAPITALS" "DuererLatinConstructionCapitals" "DUERER_LATIN_CONSTRUCTION_CAPITALS" "DuererLatinConstructionCapitals" "DUERER-LATIN-CONSTRUCTION-CAPITALS" "DuererLatinConstructionCapitals" "DUTCH & HARLEY" "Dutch & Harley" "DUTCH&HARLEY" "Dutch & Harley" "DUTCH_&_HARLEY" "Dutch & Harley" "DUTCH-&-HARLEY" "Dutch & Harley" "EATN CAKE" "Eatn Cake" "EATNCAKE" "Eatn Cake" "EATN_CAKE" "Eatn Cake" "EATN-CAKE" "Eatn Cake" "EDD'S FONT" "Edd's Font" "EDD'SFONT" "Edd's Font" "EDD'S_FONT" "Edd's Font" "EDD'S-FONT" "Edd's Font" "EDITION" "Edition" "ELIGIBLE" "Eligible" "EMBOSSEDBLACK" "EmbossedBlack" "EMBOSSED BLACK" "EmbossedBlack" "EMBOSSED_BLACK" "EmbossedBlack" "EMBOSSED-BLACK" "EmbossedBlack" "EMBROIDERY" "Embroidery" "ENVY CODE R" "Envy Code R" "ENVYCODER" "Envy Code R" "ENVY_CODE_R" "Envy Code R" "ENVY-CODE-R" "Envy Code R" "EUPHEMIA UCAS" "Euphemia UCAS" "EUPHEMIAUCAS" "Euphemia UCAS" "EUPHEMIA_UCAS" "Euphemia UCAS" "EUPHEMIA-UCAS" "Euphemia UCAS" "EUPHORIGENIC" "Euphorigenic" "EXQUISITE" "Exquisite" "FFF TUSJ" "FFF Tusj" "FFFTUSJ" "FFF Tusj" "FFF_TUSJ" "FFF Tusj" "FFF-TUSJ" "FFF Tusj" "FACE OF YESTERDAY" "Face of Yesterday" "FACEOFYESTERDAY" "Face of Yesterday" "FACE_OF_YESTERDAY" "Face of Yesterday" "FACE-OF-YESTERDAY" "Face of Yesterday" "FACTORY LJDS" "Factory LJDS" "FACTORYLJDS" "Factory LJDS" "FACTORY_LJDS" "Factory LJDS" "FACTORY-LJDS" "Factory LJDS" "FANTASQUE SANS MONO" "Fantasque Sans Mono" "FANTASQUESANSMONO" "Fantasque Sans Mono" "FANTASQUE_SANS_MONO" "Fantasque Sans Mono" "FANTASQUE-SANS-MONO" "Fantasque Sans Mono" "FELL FLOWERS 1" "Fell Flowers 1" "FELLFLOWERS1" "Fell Flowers 1" "FELL_FLOWERS_1" "Fell Flowers 1" "FELL-FLOWERS-1" "Fell Flowers 1" "FINAL FRONTIER" "Final Frontier" "FINALFRONTIER" "Final Frontier" "FINAL_FRONTIER" "Final Frontier" "FINAL-FRONTIER" "Final Frontier" "FIRA CODE" "Fira Code" "FIRACODE" "Fira Code" "FIRA_CODE" "Fira Code" "FIRA-CODE" "Fira Code" "FIRA MONO" "Fira Mono" "FIRAMONO" "Fira Mono" "FIRA_MONO" "Fira Mono" "FIRA-MONO" "Fira Mono" "FOGLIHTENNO06" "FoglihtenNo06" "FOGLIHTEN NO06" "FoglihtenNo06" "FOGLIHTEN_NO06" "FoglihtenNo06" "FOGLIHTEN-NO06" "FoglihtenNo06" "FOGLIHTENNO07" "FoglihtenNo07" "FOGLIHTEN NO07" "FoglihtenNo07" "FOGLIHTEN_NO07" "FoglihtenNo07" "FOGLIHTEN-NO07" "FoglihtenNo07" "FOGLIHTENNO07CALT" "FoglihtenNo07calt" "FOGLIHTEN NO07CALT" "FoglihtenNo07calt" "FOGLIHTEN_NO07CALT" "FoglihtenNo07calt" "FOGLIHTEN-NO07CALT" "FoglihtenNo07calt" "FONT AWESOME 5 BRANDS" "Font Awesome 5 Brands" "FONTAWESOME5BRANDS" "Font Awesome 5 Brands" "FONT_AWESOME_5_BRANDS" "Font Awesome 5 Brands" "FONT-AWESOME-5-BRANDS" "Font Awesome 5 Brands" "FONT AWESOME 5 FREE" "Font Awesome 5 Free" "FONTAWESOME5FREE" "Font Awesome 5 Free" "FONT_AWESOME_5_FREE" "Font Awesome 5 Free" "FONT-AWESOME-5-FREE" "Font Awesome 5 Free" "FONTAWESOME" "FontAwesome" "FONT AWESOME" "FontAwesome" "FONT_AWESOME" "FontAwesome" "FONT-AWESOME" "FontAwesome" "FORTUNATES DECEMBER" "Fortunates December" "FORTUNATESDECEMBER" "Fortunates December" "FORTUNATES_DECEMBER" "Fortunates December" "FORTUNATES-DECEMBER" "Fortunates December" "FORTUNATUS" "Fortunatus" "FRENCHPIRATES" "FrenchPirates" "FRENCH PIRATES" "FrenchPirates" "FRENCH_PIRATES" "FrenchPirates" "FRENCH-PIRATES" "FrenchPirates" "FUTURA" "Futura" "GALAXIA" "Galaxia" "GEEZA PRO" "Geeza Pro" "GEEZAPRO" "Geeza Pro" "GEEZA_PRO" "Geeza Pro" "GEEZA-PRO" "Geeza Pro" "GENESIS HANDWRITING" "Genesis Handwriting" "GENESISHANDWRITING" "Genesis Handwriting" "GENESIS_HANDWRITING" "Genesis Handwriting" "GENESIS-HANDWRITING" "Genesis Handwriting" "GENEVA" "Geneva" "GENTLEMAN ICONS" "Gentleman Icons" "GENTLEMANICONS" "Gentleman Icons" "GENTLEMAN_ICONS" "Gentleman Icons" "GENTLEMAN-ICONS" "Gentleman Icons" "GENZSCH ET HEYSE" "Genzsch Et Heyse" "GENZSCHETHEYSE" "Genzsch Et Heyse" "GENZSCH_ET_HEYSE" "Genzsch Et Heyse" "GENZSCH-ET-HEYSE" "Genzsch Et Heyse" "GENZSCH ET HEYSE ALTERNATE" "Genzsch Et Heyse Alternate" "GENZSCHETHEYSEALTERNATE" "Genzsch Et Heyse Alternate" "GENZSCH_ET_HEYSE_ALTERNATE" "Genzsch Et Heyse Alternate" "GENZSCH-ET-HEYSE-ALTERNATE" "Genzsch Et Heyse Alternate" "GEORGIA" "Georgia" "GHOSTLIGHT" "Ghostlight" "GIANTS OF THE SEA" "Giants of the Sea" "GIANTSOFTHESEA" "Giants of the Sea" "GIANTS_OF_THE_SEA" "Giants of the Sea" "GIANTS-OF-THE-SEA" "Giants of the Sea" "GILL SANS" "Gill Sans" "GILLSANS" "Gill Sans" "GILL_SANS" "Gill Sans" "GILL-SANS" "Gill Sans" "GOOD IDEA ST" "Good Idea St" "GOODIDEAST" "Good Idea St" "GOOD_IDEA_ST" "Good Idea St" "GOOD-IDEA-ST" "Good Idea St" "GOODBYE CREWEL WORLD NF" "Goodbye Crewel World NF" "GOODBYECREWELWORLDNF" "Goodbye Crewel World NF" "GOODBYE_CREWEL_WORLD_NF" "Goodbye Crewel World NF" "GOODBYE-CREWEL-WORLD-NF" "Goodbye Crewel World NF" "GOODFISH" "Goodfish" "GOTHIQUA" "Gothiqua" "GRAFBOLD" "GrafBold" "GRAF BOLD" "GrafBold" "GRAF_BOLD" "GrafBold" "GRAF-BOLD" "GrafBold" "GRAFCIRCULUM" "GrafCirculum" "GRAF CIRCULUM" "GrafCirculum" "GRAF_CIRCULUM" "GrafCirculum" "GRAF-CIRCULUM" "GrafCirculum" "GRAFCIRCULUMBRICKS" "GrafCirculumBricks" "GRAF CIRCULUM BRICKS" "GrafCirculumBricks" "GRAF_CIRCULUM_BRICKS" "GrafCirculumBricks" "GRAF-CIRCULUM-BRICKS" "GrafCirculumBricks" "GRAFOBLIQUE" "GrafOblique" "GRAF OBLIQUE" "GrafOblique" "GRAF_OBLIQUE" "GrafOblique" "GRAF-OBLIQUE" "GrafOblique" "GRAFROUNDISH" "GrafRoundish" "GRAF ROUNDISH" "GrafRoundish" "GRAF_ROUNDISH" "GrafRoundish" "GRAF-ROUNDISH" "GrafRoundish" "GREAT DAY BOLD PERSONAL USE" "Great Day Bold Personal Use" "GREATDAYBOLDPERSONALUSE" "Great Day Bold Personal Use" "GREAT_DAY_BOLD_PERSONAL_USE" "Great Day Bold Personal Use" "GREAT-DAY-BOLD-PERSONAL-USE" "Great Day Bold Personal Use" "GREAT DAY PERSONAL USE" "Great Day Personal Use" "GREATDAYPERSONALUSE" "Great Day Personal Use" "GREAT_DAY_PERSONAL_USE" "Great Day Personal Use" "GREAT-DAY-PERSONAL-USE" "Great Day Personal Use" "GREAT VICTORIAN" "Great Victorian" "GREATVICTORIAN" "Great Victorian" "GREAT_VICTORIAN" "Great Victorian" "GREAT-VICTORIAN" "Great Victorian" "GRUMPY" "Grumpy" "GUJARATI MT" "Gujarati MT" "GUJARATIMT" "Gujarati MT" "GUJARATI_MT" "Gujarati MT" "GUJARATI-MT" "Gujarati MT" "GUJARATI SANGAM MN" "Gujarati Sangam MN" "GUJARATISANGAMMN" "Gujarati Sangam MN" "GUJARATI_SANGAM_MN" "Gujarati Sangam MN" "GUJARATI-SANGAM-MN" "Gujarati Sangam MN" "GULAG DECAY" "Gulag Decay" "GULAGDECAY" "Gulag Decay" "GULAG_DECAY" "Gulag Decay" "GULAG-DECAY" "Gulag Decay" "GURMUKHI MN" "Gurmukhi MN" "GURMUKHIMN" "Gurmukhi MN" "GURMUKHI_MN" "Gurmukhi MN" "GURMUKHI-MN" "Gurmukhi MN" "GURMUKHI SANGAM MN" "Gurmukhi Sangam MN" "GURMUKHISANGAMMN" "Gurmukhi Sangam MN" "GURMUKHI_SANGAM_MN" "Gurmukhi Sangam MN" "GURMUKHI-SANGAM-MN" "Gurmukhi Sangam MN" "HACKED" "HACKED" "HANDTIMES" "HandTIMES" "HAND TIMES" "HandTIMES" "HAND_TIMES" "HandTIMES" "HAND-TIMES" "HandTIMES" "HANNOTATE SC" "Hannotate SC" "HANNOTATESC" "Hannotate SC" "HANNOTATE_SC" "Hannotate SC" "HANNOTATE-SC" "Hannotate SC" "HANNOTATE TC" "Hannotate TC" "HANNOTATETC" "Hannotate TC" "HANNOTATE_TC" "Hannotate TC" "HANNOTATE-TC" "Hannotate TC" "HARDEST STYLE DEMO" "Hardest Style Demo" "HARDESTSTYLEDEMO" "Hardest Style Demo" "HARDEST_STYLE_DEMO" "Hardest Style Demo" "HARDEST-STYLE-DEMO" "Hardest Style Demo" "HASKLIG" "Hasklig" "HEART ROMANCE" "Heart Romance" "HEARTROMANCE" "Heart Romance" "HEART_ROMANCE" "Heart Romance" "HEART-ROMANCE" "Heart Romance" "HEITI SC" "Heiti SC" "HEITISC" "Heiti SC" "HEITI_SC" "Heiti SC" "HEITI-SC" "Heiti SC" "HEITI TC" "Heiti TC" "HEITITC" "Heiti TC" "HEITI_TC" "Heiti TC" "HEITI-TC" "Heiti TC" "HELLOIHEART1" "HelloIHeart1" "HELLO IHEART1" "HelloIHeart1" "HELLO_IHEART1" "HelloIHeart1" "HELLO-IHEART1" "HelloIHeart1" "HELVETICA" "Helvetica" "HELVETICA NEUE" "Helvetica Neue" "HELVETICANEUE" "Helvetica Neue" "HELVETICA_NEUE" "Helvetica Neue" "HELVETICA-NEUE" "Helvetica Neue" "HILL COUNTRY" "Hill Country" "HILLCOUNTRY" "Hill Country" "HILL_COUNTRY" "Hill Country" "HILL-COUNTRY" "Hill Country" "HIRAGINO KAKU GOTHIC PRO" "Hiragino Kaku Gothic Pro" "HIRAGINOKAKUGOTHICPRO" "Hiragino Kaku Gothic Pro" "HIRAGINO_KAKU_GOTHIC_PRO" "Hiragino Kaku Gothic Pro" "HIRAGINO-KAKU-GOTHIC-PRO" "Hiragino Kaku Gothic Pro" "HIRAGINO KAKU GOTHIC PRON" "Hiragino Kaku Gothic ProN" "HIRAGINOKAKUGOTHICPRON" "Hiragino Kaku Gothic ProN" "HIRAGINO_KAKU_GOTHIC_PRON" "Hiragino Kaku Gothic ProN" "HIRAGINO-KAKU-GOTHIC-PRON" "Hiragino Kaku Gothic ProN" "HIRAGINO KAKU GOTHIC PRO N" "Hiragino Kaku Gothic ProN" "HIRAGINO_KAKU_GOTHIC_PRO_N" "Hiragino Kaku Gothic ProN" "HIRAGINO-KAKU-GOTHIC-PRO-N" "Hiragino Kaku Gothic ProN" "HIRAGINO KAKU GOTHIC STD" "Hiragino Kaku Gothic Std" "HIRAGINOKAKUGOTHICSTD" "Hiragino Kaku Gothic Std" "HIRAGINO_KAKU_GOTHIC_STD" "Hiragino Kaku Gothic Std" "HIRAGINO-KAKU-GOTHIC-STD" "Hiragino Kaku Gothic Std" "HIRAGINO KAKU GOTHIC STDN" "Hiragino Kaku Gothic StdN" "HIRAGINOKAKUGOTHICSTDN" "Hiragino Kaku Gothic StdN" "HIRAGINO_KAKU_GOTHIC_STDN" "Hiragino Kaku Gothic StdN" "HIRAGINO-KAKU-GOTHIC-STDN" "Hiragino Kaku Gothic StdN" "HIRAGINO KAKU GOTHIC STD N" "Hiragino Kaku Gothic StdN" "HIRAGINO_KAKU_GOTHIC_STD_N" "Hiragino Kaku Gothic StdN" "HIRAGINO-KAKU-GOTHIC-STD-N" "Hiragino Kaku Gothic StdN" "HIRAGINO MARU GOTHIC PRO" "Hiragino Maru Gothic Pro" "HIRAGINOMARUGOTHICPRO" "Hiragino Maru Gothic Pro" "HIRAGINO_MARU_GOTHIC_PRO" "Hiragino Maru Gothic Pro" "HIRAGINO-MARU-GOTHIC-PRO" "Hiragino Maru Gothic Pro" "HIRAGINO MARU GOTHIC PRON" "Hiragino Maru Gothic ProN" "HIRAGINOMARUGOTHICPRON" "Hiragino Maru Gothic ProN" "HIRAGINO_MARU_GOTHIC_PRON" "Hiragino Maru Gothic ProN" "HIRAGINO-MARU-GOTHIC-PRON" "Hiragino Maru Gothic ProN" "HIRAGINO MARU GOTHIC PRO N" "Hiragino Maru Gothic ProN" "HIRAGINO_MARU_GOTHIC_PRO_N" "Hiragino Maru Gothic ProN" "HIRAGINO-MARU-GOTHIC-PRO-N" "Hiragino Maru Gothic ProN" "HIRAGINO MINCHO PRO" "Hiragino Mincho Pro" "HIRAGINOMINCHOPRO" "Hiragino Mincho Pro" "HIRAGINO_MINCHO_PRO" "Hiragino Mincho Pro" "HIRAGINO-MINCHO-PRO" "Hiragino Mincho Pro" "HIRAGINO MINCHO PRON" "Hiragino Mincho ProN" "HIRAGINOMINCHOPRON" "Hiragino Mincho ProN" "HIRAGINO_MINCHO_PRON" "Hiragino Mincho ProN" "HIRAGINO-MINCHO-PRON" "Hiragino Mincho ProN" "HIRAGINO MINCHO PRO N" "Hiragino Mincho ProN" "HIRAGINO_MINCHO_PRO_N" "Hiragino Mincho ProN" "HIRAGINO-MINCHO-PRO-N" "Hiragino Mincho ProN" "HIRAGINO SANS" "Hiragino Sans" "HIRAGINOSANS" "Hiragino Sans" "HIRAGINO_SANS" "Hiragino Sans" "HIRAGINO-SANS" "Hiragino Sans" "HIRAGINO SANS GB" "Hiragino Sans GB" "HIRAGINOSANSGB" "Hiragino Sans GB" "HIRAGINO_SANS_GB" "Hiragino Sans GB" "HIRAGINO-SANS-GB" "Hiragino Sans GB" "HOEFLER TEXT" "Hoefler Text" "HOEFLERTEXT" "Hoefler Text" "HOEFLER_TEXT" "Hoefler Text" "HOEFLER-TEXT" "Hoefler Text" "HOME SWEET HOME" "Home Sweet Home" "HOMESWEETHOME" "Home Sweet Home" "HOME_SWEET_HOME" "Home Sweet Home" "HOME-SWEET-HOME" "Home Sweet Home" "HOMEMADE APPLE" "Homemade Apple" "HOMEMADEAPPLE" "Homemade Apple" "HOMEMADE_APPLE" "Homemade Apple" "HOMEMADE-APPLE" "Homemade Apple" "HONEY SCRIPT" "Honey Script" "HONEYSCRIPT" "Honey Script" "HONEY_SCRIPT" "Honey Script" "HONEY-SCRIPT" "Honey Script" "HUMOR SANS" "Humor Sans" "HUMORSANS" "Humor Sans" "HUMOR_SANS" "Humor Sans" "HUMOR-SANS" "Humor Sans" "I LOVE 80'S" "I Love 80's" "ILOVE80'S" "I Love 80's" "I_LOVE_80'S" "I Love 80's" "I-LOVE-80'S" "I Love 80's" "I MISS YOUR KISS" "I Miss Your Kiss" "IMISSYOURKISS" "I Miss Your Kiss" "I_MISS_YOUR_KISS" "I Miss Your Kiss" "I-MISS-YOUR-KISS" "I Miss Your Kiss" "IF ONLY" "If Only" "IFONLY" "If Only" "IF_ONLY" "If Only" "IF-ONLY" "If Only" "IMPACT" "Impact" "IMPACT LABEL" "Impact Label" "IMPACTLABEL" "Impact Label" "IMPACT_LABEL" "Impact Label" "IMPACT-LABEL" "Impact Label" "IMPACT LABEL REVERSED" "Impact Label Reversed" "IMPACTLABELREVERSED" "Impact Label Reversed" "IMPACT_LABEL_REVERSED" "Impact Label Reversed" "IMPACT-LABEL-REVERSED" "Impact Label Reversed" "IMPERATOR" "Imperator" "IMPERATORBRONZE" "ImperatorBronze" "IMPERATOR BRONZE" "ImperatorBronze" "IMPERATOR_BRONZE" "ImperatorBronze" "IMPERATOR-BRONZE" "ImperatorBronze" "IMPERATORBRONZESMALLCAPS" "ImperatorBronzeSmallCaps" "IMPERATOR BRONZE SMALL CAPS" "ImperatorBronzeSmallCaps" "IMPERATOR_BRONZE_SMALL_CAPS" "ImperatorBronzeSmallCaps" "IMPERATOR-BRONZE-SMALL-CAPS" "ImperatorBronzeSmallCaps" "IMPERATORPLAQUE" "ImperatorPlaque" "IMPERATOR PLAQUE" "ImperatorPlaque" "IMPERATOR_PLAQUE" "ImperatorPlaque" "IMPERATOR-PLAQUE" "ImperatorPlaque" "IMPERATORSMALLCAPS" "ImperatorSmallCaps" "IMPERATOR SMALL CAPS" "ImperatorSmallCaps" "IMPERATOR_SMALL_CAPS" "ImperatorSmallCaps" "IMPERATOR-SMALL-CAPS" "ImperatorSmallCaps" "IMPERIAL" "Imperial" "INCISEDBLACK" "IncisedBlack" "INCISED BLACK" "IncisedBlack" "INCISED_BLACK" "IncisedBlack" "INCISED-BLACK" "IncisedBlack" "INCISEDBLACKWIDE" "IncisedBlackWide" "INCISED BLACK WIDE" "IncisedBlackWide" "INCISED_BLACK_WIDE" "IncisedBlackWide" "INCISED-BLACK-WIDE" "IncisedBlackWide" "INPUT MONO" "Input Mono" "INPUTMONO" "Input Mono" "INPUT_MONO" "Input Mono" "INPUT-MONO" "Input Mono" "INPUT MONO COMPRESSED" "Input Mono Compressed" "INPUTMONOCOMPRESSED" "Input Mono Compressed" "INPUT_MONO_COMPRESSED" "Input Mono Compressed" "INPUT-MONO-COMPRESSED" "Input Mono Compressed" "INPUT MONO CONDENSED" "Input Mono Condensed" "INPUTMONOCONDENSED" "Input Mono Condensed" "INPUT_MONO_CONDENSED" "Input Mono Condensed" "INPUT-MONO-CONDENSED" "Input Mono Condensed" "INPUT MONO NARROW" "Input Mono Narrow" "INPUTMONONARROW" "Input Mono Narrow" "INPUT_MONO_NARROW" "Input Mono Narrow" "INPUT-MONO-NARROW" "Input Mono Narrow" "INPUT SANS" "Input Sans" "INPUTSANS" "Input Sans" "INPUT_SANS" "Input Sans" "INPUT-SANS" "Input Sans" "INPUT SANS COMPRESSED" "Input Sans Compressed" "INPUTSANSCOMPRESSED" "Input Sans Compressed" "INPUT_SANS_COMPRESSED" "Input Sans Compressed" "INPUT-SANS-COMPRESSED" "Input Sans Compressed" "INPUT SANS CONDENSED" "Input Sans Condensed" "INPUTSANSCONDENSED" "Input Sans Condensed" "INPUT_SANS_CONDENSED" "Input Sans Condensed" "INPUT-SANS-CONDENSED" "Input Sans Condensed" "INPUT SANS NARROW" "Input Sans Narrow" "INPUTSANSNARROW" "Input Sans Narrow" "INPUT_SANS_NARROW" "Input Sans Narrow" "INPUT-SANS-NARROW" "Input Sans Narrow" "INPUT SERIF" "Input Serif" "INPUTSERIF" "Input Serif" "INPUT_SERIF" "Input Serif" "INPUT-SERIF" "Input Serif" "INPUT SERIF COMPRESSED" "Input Serif Compressed" "INPUTSERIFCOMPRESSED" "Input Serif Compressed" "INPUT_SERIF_COMPRESSED" "Input Serif Compressed" "INPUT-SERIF-COMPRESSED" "Input Serif Compressed" "INPUT SERIF CONDENSED" "Input Serif Condensed" "INPUTSERIFCONDENSED" "Input Serif Condensed" "INPUT_SERIF_CONDENSED" "Input Serif Condensed" "INPUT-SERIF-CONDENSED" "Input Serif Condensed" "INPUT SERIF NARROW" "Input Serif Narrow" "INPUTSERIFNARROW" "Input Serif Narrow" "INPUT_SERIF_NARROW" "Input Serif Narrow" "INPUT-SERIF-NARROW" "Input Serif Narrow" "IOSEVKA" "Iosevka" "IOSEVKA SLAB" "Iosevka Slab" "IOSEVKASLAB" "Iosevka Slab" "IOSEVKA_SLAB" "Iosevka Slab" "IOSEVKA-SLAB" "Iosevka Slab" "IOSEVKA TERM" "Iosevka Term" "IOSEVKATERM" "Iosevka Term" "IOSEVKA_TERM" "Iosevka Term" "IOSEVKA-TERM" "Iosevka Term" "IOSEVKA TERM SLAB" "Iosevka Term Slab" "IOSEVKATERMSLAB" "Iosevka Term Slab" "IOSEVKA_TERM_SLAB" "Iosevka Term Slab" "IOSEVKA-TERM-SLAB" "Iosevka Term Slab" "IOSEVKA TYPE" "Iosevka Type" "IOSEVKATYPE" "Iosevka Type" "IOSEVKA_TYPE" "Iosevka Type" "IOSEVKA-TYPE" "Iosevka Type" "IOSEVKA TYPE SLAB" "Iosevka Type Slab" "IOSEVKATYPESLAB" "Iosevka Type Slab" "IOSEVKA_TYPE_SLAB" "Iosevka Type Slab" "IOSEVKA-TYPE-SLAB" "Iosevka Type Slab" "IOSEVKACC" "IosevkaCC" "IOSEVKA CC" "IosevkaCC" "IOSEVKA_CC" "IosevkaCC" "IOSEVKA-CC" "IosevkaCC" "IOSEVKACC SLAB" "IosevkaCC Slab" "IOSEVKACCSLAB" "IosevkaCC Slab" "IOSEVKACC_SLAB" "IosevkaCC Slab" "IOSEVKACC-SLAB" "IosevkaCC Slab" "IOSEVKA CC SLAB" "IosevkaCC Slab" "IOSEVKA_CC_SLAB" "IosevkaCC Slab" "IOSEVKA-CC-SLAB" "IosevkaCC Slab" "IOWAN OLD STYLE" "Iowan Old Style" "IOWANOLDSTYLE" "Iowan Old Style" "IOWAN_OLD_STYLE" "Iowan Old Style" "IOWAN-OLD-STYLE" "Iowan Old Style" "JF SHILL" "JF Shill" "JFSHILL" "JF Shill" "JF_SHILL" "JF Shill" "JF-SHILL" "JF Shill" "JF SHILL TEXT" "JF Shill Text" "JFSHILLTEXT" "JF Shill Text" "JF_SHILL_TEXT" "JF Shill Text" "JF-SHILL-TEXT" "JF Shill Text" "JEFFERSON" "Jefferson" "JINKY" "Jinky" "KG A LITTLE SWAG" "KG A Little Swag" "KGALITTLESWAG" "KG A Little Swag" "KG_A_LITTLE_SWAG" "KG A Little Swag" "KG-A-LITTLE-SWAG" "KG A Little Swag" "KG ALL OF THE STARS" "KG All of the Stars" "KGALLOFTHESTARS" "KG All of the Stars" "KG_ALL_OF_THE_STARS" "KG All of the Stars" "KG-ALL-OF-THE-STARS" "KG All of the Stars" "KG ARROWS" "KG Arrows" "KGARROWS" "KG Arrows" "KG_ARROWS" "KG Arrows" "KG-ARROWS" "KG Arrows" "KG DEFYING GRAVITY" "KG Defying Gravity" "KGDEFYINGGRAVITY" "KG Defying Gravity" "KG_DEFYING_GRAVITY" "KG Defying Gravity" "KG-DEFYING-GRAVITY" "KG Defying Gravity" "KG DEFYING GRAVITY BOUNCE" "KG Defying Gravity Bounce" "KGDEFYINGGRAVITYBOUNCE" "KG Defying Gravity Bounce" "KG_DEFYING_GRAVITY_BOUNCE" "KG Defying Gravity Bounce" "KG-DEFYING-GRAVITY-BOUNCE" "KG Defying Gravity Bounce" "KG FLAVOR AND FRAMES" "KG Flavor and Frames" "KGFLAVORANDFRAMES" "KG Flavor and Frames" "KG_FLAVOR_AND_FRAMES" "KG Flavor and Frames" "KG-FLAVOR-AND-FRAMES" "KG Flavor and Frames" "KAILASA" "Kailasa" "KAITI SC" "Kaiti SC" "KAITISC" "Kaiti SC" "KAITI_SC" "Kaiti SC" "KAITI-SC" "Kaiti SC" "KAITI TC" "Kaiti TC" "KAITITC" "Kaiti TC" "KAITI_TC" "Kaiti TC" "KAITI-TC" "Kaiti TC" "KANNADA MN" "Kannada MN" "KANNADAMN" "Kannada MN" "KANNADA_MN" "Kannada MN" "KANNADA-MN" "Kannada MN" "KANNADA SANGAM MN" "Kannada Sangam MN" "KANNADASANGAMMN" "Kannada Sangam MN" "KANNADA_SANGAM_MN" "Kannada Sangam MN" "KANNADA-SANGAM-MN" "Kannada Sangam MN" "KAWAII MEDICAL" "Kawaii Medical" "KAWAIIMEDICAL" "Kawaii Medical" "KAWAII_MEDICAL" "Kawaii Medical" "KAWAII-MEDICAL" "Kawaii Medical" "KEFA" "Kefa" "KHMER MN" "Khmer MN" "KHMERMN" "Khmer MN" "KHMER_MN" "Khmer MN" "KHMER-MN" "Khmer MN" "KIDNAPPED AT OLD TIMES FREE" "Kidnapped at Old Times Free" "KIDNAPPEDATOLDTIMESFREE" "Kidnapped at Old Times Free" "KIDNAPPED_AT_OLD_TIMES_FREE" "Kidnapped at Old Times Free" "KIDNAPPED-AT-OLD-TIMES-FREE" "Kidnapped at Old Times Free" "KINGTHINGS EMBROIDERY" "Kingthings Embroidery" "KINGTHINGSEMBROIDERY" "Kingthings Embroidery" "KINGTHINGS_EMBROIDERY" "Kingthings Embroidery" "KINGTHINGS-EMBROIDERY" "Kingthings Embroidery" "KINGTHINGS GOTHIQUE" "Kingthings Gothique" "KINGTHINGSGOTHIQUE" "Kingthings Gothique" "KINGTHINGS_GOTHIQUE" "Kingthings Gothique" "KINGTHINGS-GOTHIQUE" "Kingthings Gothique" "KINGTHINGS ITALIQUE" "Kingthings Italique" "KINGTHINGSITALIQUE" "Kingthings Italique" "KINGTHINGS_ITALIQUE" "Kingthings Italique" "KINGTHINGS-ITALIQUE" "Kingthings Italique" "KINGTHINGS SPIKELESS" "Kingthings Spikeless" "KINGTHINGSSPIKELESS" "Kingthings Spikeless" "KINGTHINGS_SPIKELESS" "Kingthings Spikeless" "KINGTHINGS-SPIKELESS" "Kingthings Spikeless" "KINGTHINGS XSTITCH" "Kingthings Xstitch" "KINGTHINGSXSTITCH" "Kingthings Xstitch" "KINGTHINGS_XSTITCH" "Kingthings Xstitch" "KINGTHINGS-XSTITCH" "Kingthings Xstitch" "KLEE" "Klee" "KNACK NERD FONT" "Knack Nerd Font" "KNACKNERDFONT" "Knack Nerd Font" "KNACK_NERD_FONT" "Knack Nerd Font" "KNACK-NERD-FONT" "Knack Nerd Font" "KOHINOOR BANGLA" "Kohinoor Bangla" "KOHINOORBANGLA" "Kohinoor Bangla" "KOHINOOR_BANGLA" "Kohinoor Bangla" "KOHINOOR-BANGLA" "Kohinoor Bangla" "KOHINOOR DEVANAGARI" "Kohinoor Devanagari" "KOHINOORDEVANAGARI" "Kohinoor Devanagari" "KOHINOOR_DEVANAGARI" "Kohinoor Devanagari" "KOHINOOR-DEVANAGARI" "Kohinoor Devanagari" "KOHINOOR TELUGU" "Kohinoor Telugu" "KOHINOORTELUGU" "Kohinoor Telugu" "KOHINOOR_TELUGU" "Kohinoor Telugu" "KOHINOOR-TELUGU" "Kohinoor Telugu" "KOMIKA BUBBLES" "Komika Bubbles" "KOMIKABUBBLES" "Komika Bubbles" "KOMIKA_BUBBLES" "Komika Bubbles" "KOMIKA-BUBBLES" "Komika Bubbles" "KOSOVO TARGET BC" "Kosovo Target BC" "KOSOVOTARGETBC" "Kosovo Target BC" "KOSOVO_TARGET_BC" "Kosovo Target BC" "KOSOVO-TARGET-BC" "Kosovo Target BC" "LALINEA SEA" "LaLinea Sea" "LALINEASEA" "LaLinea Sea" "LALINEA_SEA" "LaLinea Sea" "LALINEA-SEA" "LaLinea Sea" "LA LINEA SEA" "LaLinea Sea" "LA_LINEA_SEA" "LaLinea Sea" "LA-LINEA-SEA" "LaLinea Sea" "LABELS" "Labels" "LABELS OUTLINE" "Labels Outline" "LABELSOUTLINE" "Labels Outline" "LABELS_OUTLINE" "Labels Outline" "LABELS-OUTLINE" "Labels Outline" "LANTINGHEI SC" "Lantinghei SC" "LANTINGHEISC" "Lantinghei SC" "LANTINGHEI_SC" "Lantinghei SC" "LANTINGHEI-SC" "Lantinghei SC" "LANTINGHEI TC" "Lantinghei TC" "LANTINGHEITC" "Lantinghei TC" "LANTINGHEI_TC" "Lantinghei TC" "LANTINGHEI-TC" "Lantinghei TC" "LAO MN" "Lao MN" "LAOMN" "Lao MN" "LAO_MN" "Lao MN" "LAO-MN" "Lao MN" "LAO SANGAM MN" "Lao Sangam MN" "LAOSANGAMMN" "Lao Sangam MN" "LAO_SANGAM_MN" "Lao Sangam MN" "LAO-SANGAM-MN" "Lao Sangam MN" "LAUREN C. BROWN (DEMO VERSION)" "Lauren C. Brown (Demo Version)" "LAURENC.BROWN(DEMOVERSION)" "Lauren C. Brown (Demo Version)" "LAUREN_C._BROWN_(DEMO_VERSION)" "Lauren C. Brown (Demo Version)" "LAUREN-C.-BROWN-(DEMO-VERSION)" "Lauren C. Brown (Demo Version)" "LAURUS NOBILIS" "Laurus Nobilis" "LAURUSNOBILIS" "Laurus Nobilis" "LAURUS_NOBILIS" "Laurus Nobilis" "LAURUS-NOBILIS" "Laurus Nobilis" "LEARNING CURVE" "Learning Curve" "LEARNINGCURVE" "Learning Curve" "LEARNING_CURVE" "Learning Curve" "LEARNING-CURVE" "Learning Curve" "LEARNING CURVE DASHED" "Learning Curve Dashed" "LEARNINGCURVEDASHED" "Learning Curve Dashed" "LEARNING_CURVE_DASHED" "Learning Curve Dashed" "LEARNING-CURVE-DASHED" "Learning Curve Dashed" "LEGEND OF ZELDA TRIFONT" "Legend Of Zelda TriFont" "LEGENDOFZELDATRIFONT" "Legend Of Zelda TriFont" "LEGEND_OF_ZELDA_TRIFONT" "Legend Of Zelda TriFont" "LEGEND-OF-ZELDA-TRIFONT" "Legend Of Zelda TriFont" "LEGEND OF ZELDA TRI FONT" "Legend Of Zelda TriFont" "LEGEND_OF_ZELDA_TRI_FONT" "Legend Of Zelda TriFont" "LEGEND-OF-ZELDA-TRI-FONT" "Legend Of Zelda TriFont" "LEONARDO (LEVI)" "Leonardo (Levi)" "LEONARDO(LEVI)" "Leonardo (Levi)" "LEONARDO_(LEVI)" "Leonardo (Levi)" "LEONARDO-(LEVI)" "Leonardo (Levi)" "LEVEL" "Level" "LEXIE READABLE" "Lexie Readable" "LEXIEREADABLE" "Lexie Readable" "LEXIE_READABLE" "Lexie Readable" "LEXIE-READABLE" "Lexie Readable" "LIHEI PRO" "LiHei Pro" "LIHEIPRO" "LiHei Pro" "LIHEI_PRO" "LiHei Pro" "LIHEI-PRO" "LiHei Pro" "LI HEI PRO" "LiHei Pro" "LI_HEI_PRO" "LiHei Pro" "LI-HEI-PRO" "LiHei Pro" "LISONG PRO" "LiSong Pro" "LISONGPRO" "LiSong Pro" "LISONG_PRO" "LiSong Pro" "LISONG-PRO" "LiSong Pro" "LI SONG PRO" "LiSong Pro" "LI_SONG_PRO" "LiSong Pro" "LI-SONG-PRO" "LiSong Pro" "LIBERAL HAND" "Liberal Hand" "LIBERALHAND" "Liberal Hand" "LIBERAL_HAND" "Liberal Hand" "LIBERAL-HAND" "Liberal Hand" "LIBERTINAGE" "Libertinage" "LIBIAN SC" "Libian SC" "LIBIANSC" "Libian SC" "LIBIAN_SC" "Libian SC" "LIBIAN-SC" "Libian SC" "LIGHTER ICONS" "Lighter Icons" "LIGHTERICONS" "Lighter Icons" "LIGHTER_ICONS" "Lighter Icons" "LIGHTER-ICONS" "Lighter Icons" "LINUX LIBERTINE CAPITALS" "Linux Libertine Capitals" "LINUXLIBERTINECAPITALS" "Linux Libertine Capitals" "LINUX_LIBERTINE_CAPITALS" "Linux Libertine Capitals" "LINUX-LIBERTINE-CAPITALS" "Linux Libertine Capitals" "LINUX LIBERTINE DISPLAY" "Linux Libertine Display" "LINUXLIBERTINEDISPLAY" "Linux Libertine Display" "LINUX_LIBERTINE_DISPLAY" "Linux Libertine Display" "LINUX-LIBERTINE-DISPLAY" "Linux Libertine Display" "LINUX LIBERTINE DISPLAY CAPITALS" "Linux Libertine Display Capitals" "LINUXLIBERTINEDISPLAYCAPITALS" "Linux Libertine Display Capitals" "LINUX_LIBERTINE_DISPLAY_CAPITALS" "Linux Libertine Display Capitals" "LINUX-LIBERTINE-DISPLAY-CAPITALS" "Linux Libertine Display Capitals" "LINUX LIBERTINE INITIALS" "Linux Libertine Initials" "LINUXLIBERTINEINITIALS" "Linux Libertine Initials" "LINUX_LIBERTINE_INITIALS" "Linux Libertine Initials" "LINUX-LIBERTINE-INITIALS" "Linux Libertine Initials" "LINUX LIBERTINE SLANTED" "Linux Libertine Slanted" "LINUXLIBERTINESLANTED" "Linux Libertine Slanted" "LINUX_LIBERTINE_SLANTED" "Linux Libertine Slanted" "LINUX-LIBERTINE-SLANTED" "Linux Libertine Slanted" "LITTLE CITY 2000" "Little City 2000" "LITTLECITY2000" "Little City 2000" "LITTLE_CITY_2000" "Little City 2000" "LITTLE-CITY-2000" "Little City 2000" "LITTLEBIRD" "LittleBird" "LITTLE BIRD" "LittleBird" "LITTLE_BIRD" "LittleBird" "LITTLE-BIRD" "LittleBird" "LOVERS QUARREL" "Lovers Quarrel" "LOVERSQUARREL" "Lovers Quarrel" "LOVERS_QUARREL" "Lovers Quarrel" "LOVERS-QUARREL" "Lovers Quarrel" "LUCIDA GRANDE" "Lucida Grande" "LUCIDAGRANDE" "Lucida Grande" "LUCIDA_GRANDE" "Lucida Grande" "LUCIDA-GRANDE" "Lucida Grande" "LUMINARI" "Luminari" "M+ 1M" "M+ 1m" "M+1M" "M+ 1m" "M+_1M" "M+ 1m" "M+-1M" "M+ 1m" "MADEMOISELLE CATHERINE" "Mademoiselle Catherine" "MADEMOISELLECATHERINE" "Mademoiselle Catherine" "MADEMOISELLE_CATHERINE" "Mademoiselle Catherine" "MADEMOISELLE-CATHERINE" "Mademoiselle Catherine" "MALAYALAM MN" "Malayalam MN" "MALAYALAMMN" "Malayalam MN" "MALAYALAM_MN" "Malayalam MN" "MALAYALAM-MN" "Malayalam MN" "MALAYALAM SANGAM MN" "Malayalam Sangam MN" "MALAYALAMSANGAMMN" "Malayalam Sangam MN" "MALAYALAM_SANGAM_MN" "Malayalam Sangam MN" "MALAYALAM-SANGAM-MN" "Malayalam Sangam MN" "MAQUINA DE ESCRIBIR" "Maquina de Escribir" "MAQUINADEESCRIBIR" "Maquina de Escribir" "MAQUINA_DE_ESCRIBIR" "Maquina de Escribir" "MAQUINA-DE-ESCRIBIR" "Maquina de Escribir" "MARION" "Marion" "MARKER FELT" "Marker Felt" "MARKERFELT" "Marker Felt" "MARKER_FELT" "Marker Felt" "MARKER-FELT" "Marker Felt" "MASJID AL IMRAN" "Masjid Al Imran" "MASJIDALIMRAN" "Masjid Al Imran" "MASJID_AL_IMRAN" "Masjid Al Imran" "MASJID-AL-IMRAN" "Masjid Al Imran" "MATERIAL ICONS" "Material Icons" "MATERIALICONS" "Material Icons" "MATERIAL_ICONS" "Material Icons" "MATERIAL-ICONS" "Material Icons" "MATHLETE" "Mathlete" "MENLO" "Menlo" "MERMAID" "Mermaid" "MERMAID SWASH CAPS" "Mermaid Swash Caps" "MERMAIDSWASHCAPS" "Mermaid Swash Caps" "MERMAID_SWASH_CAPS" "Mermaid Swash Caps" "MERMAID-SWASH-CAPS" "Mermaid Swash Caps" "MIDNIGHT VALENTINE" "Midnight Valentine" "MIDNIGHTVALENTINE" "Midnight Valentine" "MIDNIGHT_VALENTINE" "Midnight Valentine" "MIDNIGHT-VALENTINE" "Midnight Valentine" "MILLION NOTES" "Million Notes" "MILLIONNOTES" "Million Notes" "MILLION_NOTES" "Million Notes" "MILLION-NOTES" "Million Notes" "MISS BEAUTIFUL BOLD" "Miss Beautiful Bold" "MISSBEAUTIFULBOLD" "Miss Beautiful Bold" "MISS_BEAUTIFUL_BOLD" "Miss Beautiful Bold" "MISS-BEAUTIFUL-BOLD" "Miss Beautiful Bold" "MONACO" "Monaco" "MONKEY" "Monkey" "MONOID" "Monoid" "MONSIEUR LA DOULAISE" "Monsieur La Doulaise" "MONSIEURLADOULAISE" "Monsieur La Doulaise" "MONSIEUR_LA_DOULAISE" "Monsieur La Doulaise" "MONSIEUR-LA-DOULAISE" "Monsieur La Doulaise" "MONSTERZ" "Monsterz" "MOONLIGHT" "Moonlight" "MOUNTAINS OF CHRISTMAS" "Mountains of Christmas" "MOUNTAINSOFCHRISTMAS" "Mountains of Christmas" "MOUNTAINS_OF_CHRISTMAS" "Mountains of Christmas" "MOUNTAINS-OF-CHRISTMAS" "Mountains of Christmas" "MSHTAKAN" "Mshtakan" "MUNA" "Muna" "MYANMAR MN" "Myanmar MN" "MYANMARMN" "Myanmar MN" "MYANMAR_MN" "Myanmar MN" "MYANMAR-MN" "Myanmar MN" "MYANMAR SANGAM MN" "Myanmar Sangam MN" "MYANMARSANGAMMN" "Myanmar Sangam MN" "MYANMAR_SANGAM_MN" "Myanmar Sangam MN" "MYANMAR-SANGAM-MN" "Myanmar Sangam MN" "NANUM GOTHIC" "Nanum Gothic" "NANUMGOTHIC" "Nanum Gothic" "NANUM_GOTHIC" "Nanum Gothic" "NANUM-GOTHIC" "Nanum Gothic" "NANUM MYEONGJO" "Nanum Myeongjo" "NANUMMYEONGJO" "Nanum Myeongjo" "NANUM_MYEONGJO" "Nanum Myeongjo" "NANUM-MYEONGJO" "Nanum Myeongjo" "NAUGHTY SQUIRREL DEMO" "Naughty Squirrel Demo" "NAUGHTYSQUIRRELDEMO" "Naughty Squirrel Demo" "NAUGHTY_SQUIRREL_DEMO" "Naughty Squirrel Demo" "NAUGHTY-SQUIRREL-DEMO" "Naughty Squirrel Demo" "NAUGHTY SQUIRREL SHADOWED DEMO" "Naughty Squirrel Shadowed Demo" "NAUGHTYSQUIRRELSHADOWEDDEMO" "Naughty Squirrel Shadowed Demo" "NAUGHTY_SQUIRREL_SHADOWED_DEMO" "Naughty Squirrel Shadowed Demo" "NAUGHTY-SQUIRREL-SHADOWED-DEMO" "Naughty Squirrel Shadowed Demo" "NAUGHTY SQUIRREL STRIPED DEMO" "Naughty Squirrel Striped Demo" "NAUGHTYSQUIRRELSTRIPEDDEMO" "Naughty Squirrel Striped Demo" "NAUGHTY_SQUIRREL_STRIPED_DEMO" "Naughty Squirrel Striped Demo" "NAUGHTY-SQUIRREL-STRIPED-DEMO" "Naughty Squirrel Striped Demo" "NEEDLEPOINTSEW-PLAIN" "NeedlePointSew-Plain" "NEEDLE POINT SEW-PLAIN" "NeedlePointSew-Plain" "NEEDLE_POINT_SEW-PLAIN" "NeedlePointSew-Plain" "NEEDLE-POINT-SEW-PLAIN" "NeedlePointSew-Plain" "NEUTON" "Neuton" "NEW" "New" "NEWROCKER" "NewRocker" "NEW ROCKER" "NewRocker" "NEW_ROCKER" "NewRocker" "NEW-ROCKER" "NewRocker" "NISABA" "Nisaba" "NOTEPADS & ROLEPLAY" "Notepads & Roleplay" "NOTEPADS&ROLEPLAY" "Notepads & Roleplay" "NOTEPADS_&_ROLEPLAY" "Notepads & Roleplay" "NOTEPADS-&-ROLEPLAY" "Notepads & Roleplay" "NOTEWORTHY" "Noteworthy" "NOUVEAU NEVER DIES FREE" "Nouveau Never Dies Free" "NOUVEAUNEVERDIESFREE" "Nouveau Never Dies Free" "NOUVEAU_NEVER_DIES_FREE" "Nouveau Never Dies Free" "NOUVEAU-NEVER-DIES-FREE" "Nouveau Never Dies Free" "NUCLEAR ACCIDENT" "Nuclear Accident" "NUCLEARACCIDENT" "Nuclear Accident" "NUCLEAR_ACCIDENT" "Nuclear Accident" "NUCLEAR-ACCIDENT" "Nuclear Accident" "OLD SKULL HELLRON" "Old Skull Hellron" "OLDSKULLHELLRON" "Old Skull Hellron" "OLD_SKULL_HELLRON" "Old Skull Hellron" "OLD-SKULL-HELLRON" "Old Skull Hellron" "OLDCONSTRUCTEDCAPS" "OldConstructedCaps" "OLD CONSTRUCTED CAPS" "OldConstructedCaps" "OLD_CONSTRUCTED_CAPS" "OldConstructedCaps" "OLD-CONSTRUCTED-CAPS" "OldConstructedCaps" "ONE FELL SWOOP" "One Fell Swoop" "ONEFELLSWOOP" "One Fell Swoop" "ONE_FELL_SWOOP" "One Fell Swoop" "ONE-FELL-SWOOP" "One Fell Swoop" "OPENDYSLEXIC" "OpenDyslexic" "OPEN DYSLEXIC" "OpenDyslexic" "OPEN_DYSLEXIC" "OpenDyslexic" "OPEN-DYSLEXIC" "OpenDyslexic" "OPENDYSLEXICALTA" "OpenDyslexicAlta" "OPEN DYSLEXIC ALTA" "OpenDyslexicAlta" "OPEN_DYSLEXIC_ALTA" "OpenDyslexicAlta" "OPEN-DYSLEXIC-ALTA" "OpenDyslexicAlta" "OPENDYSLEXICMONO" "OpenDyslexicMono" "OPEN DYSLEXIC MONO" "OpenDyslexicMono" "OPEN_DYSLEXIC_MONO" "OpenDyslexicMono" "OPEN-DYSLEXIC-MONO" "OpenDyslexicMono" "OPTIMA" "Optima" "ORANIENBAUM" "Oranienbaum" "ORIYA MN" "Oriya MN" "ORIYAMN" "Oriya MN" "ORIYA_MN" "Oriya MN" "ORIYA-MN" "Oriya MN" "ORIYA SANGAM MN" "Oriya Sangam MN" "ORIYASANGAMMN" "Oriya Sangam MN" "ORIYA_SANGAM_MN" "Oriya Sangam MN" "ORIYA-SANGAM-MN" "Oriya Sangam MN" "ORNAMETSS TFB" "Ornametss tfb" "ORNAMETSSTFB" "Ornametss tfb" "ORNAMETSS_TFB" "Ornametss tfb" "ORNAMETSS-TFB" "Ornametss tfb" "OSAKA" "Osaka" "OVNIS" "Ovnis" "PT MONO" "PT Mono" "PTMONO" "PT Mono" "PT_MONO" "PT Mono" "PT-MONO" "PT Mono" "PT SANS" "PT Sans" "PTSANS" "PT Sans" "PT_SANS" "PT Sans" "PT-SANS" "PT Sans" "PT SANS CAPTION" "PT Sans Caption" "PTSANSCAPTION" "PT Sans Caption" "PT_SANS_CAPTION" "PT Sans Caption" "PT-SANS-CAPTION" "PT Sans Caption" "PT SANS NARROW" "PT Sans Narrow" "PTSANSNARROW" "PT Sans Narrow" "PT_SANS_NARROW" "PT Sans Narrow" "PT-SANS-NARROW" "PT Sans Narrow" "PT SERIF" "PT Serif" "PTSERIF" "PT Serif" "PT_SERIF" "PT Serif" "PT-SERIF" "PT Serif" "PT SERIF CAPTION" "PT Serif Caption" "PTSERIFCAPTION" "PT Serif Caption" "PT_SERIF_CAPTION" "PT Serif Caption" "PT-SERIF-CAPTION" "PT Serif Caption" "PALATINO" "Palatino" "PAPER BANNER" "Paper Banner" "PAPERBANNER" "Paper Banner" "PAPER_BANNER" "Paper Banner" "PAPER-BANNER" "Paper Banner" "PAPER BANNER SANS" "Paper Banner Sans" "PAPERBANNERSANS" "Paper Banner Sans" "PAPER_BANNER_SANS" "Paper Banner Sans" "PAPER-BANNER-SANS" "Paper Banner Sans" "PAPYRUS" "Papyrus" "PEAXWEBDESIGNFREEICONS" "PeaxWebdesignFreeIcons" "PEAX WEBDESIGN FREE ICONS" "PeaxWebdesignFreeIcons" "PEAX_WEBDESIGN_FREE_ICONS" "PeaxWebdesignFreeIcons" "PEAX-WEBDESIGN-FREE-ICONS" "PeaxWebdesignFreeIcons" "PENMANSHIP BIRDS AND ORNAMENTS FREE" "Penmanship Birds and Ornaments Free" "PENMANSHIPBIRDSANDORNAMENTSFREE" "Penmanship Birds and Ornaments Free" "PENMANSHIP_BIRDS_AND_ORNAMENTS_FREE" "Penmanship Birds and Ornaments Free" "PENMANSHIP-BIRDS-AND-ORNAMENTS-FREE" "Penmanship Birds and Ornaments Free" "PERIODIC TABLE OF ELEMENTS" "Periodic Table of Elements" "PERIODICTABLEOFELEMENTS" "Periodic Table of Elements" "PERIODIC_TABLE_OF_ELEMENTS" "Periodic Table of Elements" "PERIODIC-TABLE-OF-ELEMENTS" "Periodic Table of Elements" "PHOENIX" "Phoenix" "PHOSPHATE" "Phosphate" "PILGI" "PilGi" "PIL GI" "PilGi" "PIL_GI" "PilGi" "PIL-GI" "PilGi" "PINGFANG HK" "PingFang HK" "PINGFANGHK" "PingFang HK" "PINGFANG_HK" "PingFang HK" "PINGFANG-HK" "PingFang HK" "PING FANG HK" "PingFang HK" "PING_FANG_HK" "PingFang HK" "PING-FANG-HK" "PingFang HK" "PINGFANG SC" "PingFang SC" "PINGFANGSC" "PingFang SC" "PINGFANG_SC" "PingFang SC" "PINGFANG-SC" "PingFang SC" "PING FANG SC" "PingFang SC" "PING_FANG_SC" "PingFang SC" "PING-FANG-SC" "PingFang SC" "PINGFANG TC" "PingFang TC" "PINGFANGTC" "PingFang TC" "PINGFANG_TC" "PingFang TC" "PINGFANG-TC" "PingFang TC" "PING FANG TC" "PingFang TC" "PING_FANG_TC" "PingFang TC" "PING-FANG-TC" "PingFang TC" "PIRATEDISCO" "PirateDisco" "PIRATE DISCO" "PirateDisco" "PIRATE_DISCO" "PirateDisco" "PIRATE-DISCO" "PirateDisco" "PIRATESBAY" "PiratesBay" "PIRATES BAY" "PiratesBay" "PIRATES_BAY" "PiratesBay" "PIRATES-BAY" "PiratesBay" "PIXAR 1" "Pixar 1" "PIXAR1" "Pixar 1" "PIXAR_1" "Pixar 1" "PIXAR-1" "Pixar 1" "PIZZADUDE STARS" "PizzaDude Stars" "PIZZADUDESTARS" "PizzaDude Stars" "PIZZADUDE_STARS" "PizzaDude Stars" "PIZZADUDE-STARS" "PizzaDude Stars" "PIZZA DUDE STARS" "PizzaDude Stars" "PIZZA_DUDE_STARS" "PizzaDude Stars" "PIZZA-DUDE-STARS" "PizzaDude Stars" "PLAINBLACK" "PlainBlack" "PLAIN BLACK" "PlainBlack" "PLAIN_BLACK" "PlainBlack" "PLAIN-BLACK" "PlainBlack" "PLAINBLACKWIDE" "PlainBlackWide" "PLAIN BLACK WIDE" "PlainBlackWide" "PLAIN_BLACK_WIDE" "PlainBlackWide" "PLAIN-BLACK-WIDE" "PlainBlackWide" "PLANEWALKER DINGS" "Planewalker Dings" "PLANEWALKERDINGS" "Planewalker Dings" "PLANEWALKER_DINGS" "Planewalker Dings" "PLANEWALKER-DINGS" "Planewalker Dings" "POMICONS" "Pomicons" "POMODORO" "Pomodoro" "POMPIERE " "Pompiere " "POMPIERE" "Pompiere " "PORTABELL" "Portabell" "PORTCULLION" "Portcullion" "POTTERY BARN" "Pottery Barn" "POTTERYBARN" "Pottery Barn" "POTTERY_BARN" "Pottery Barn" "POTTERY-BARN" "Pottery Barn" "PRECIOUS" "Precious" "PREMIER LEAGUE" "Premier League" "PREMIERLEAGUE" "Premier League" "PREMIER_LEAGUE" "Premier League" "PREMIER-LEAGUE" "Premier League" "PRINCESS SOFIA" "Princess Sofia" "PRINCESSSOFIA" "Princess Sofia" "PRINCESS_SOFIA" "Princess Sofia" "PRINCESS-SOFIA" "Princess Sofia" "PROCLAMATE HEAVY" "Proclamate Heavy" "PROCLAMATEHEAVY" "Proclamate Heavy" "PROCLAMATE_HEAVY" "Proclamate Heavy" "PROCLAMATE-HEAVY" "Proclamate Heavy" "PROCLAMATE INCISED" "Proclamate Incised" "PROCLAMATEINCISED" "Proclamate Incised" "PROCLAMATE_INCISED" "Proclamate Incised" "PROCLAMATE-INCISED" "Proclamate Incised" "PROCLAMATE LIGHT" "Proclamate Light" "PROCLAMATELIGHT" "Proclamate Light" "PROCLAMATE_LIGHT" "Proclamate Light" "PROCLAMATE-LIGHT" "Proclamate Light" "PROPAGANDA" "Propaganda" "PROXANYS" "Proxanys" "PUNK NOVA" "Punk Nova" "PUNKNOVA" "Punk Nova" "PUNK_NOVA" "Punk Nova" "PUNK-NOVA" "Punk Nova" "QUARTZ" "Quartz" "QUEEN OF THE MOON" "Queen of the Moon" "QUEENOFTHEMOON" "Queen of the Moon" "QUEEN_OF_THE_MOON" "Queen of the Moon" "QUEEN-OF-THE-MOON" "Queen of the Moon" "QUICKSAND" "Quicksand" "R&C" "R&C" "READABLE" "READABLE" "RAANANA" "Raanana" "RABBIT" "Rabbit" "RAPSCALLION" "Rapscallion" "READ BETWEEN THE LINES" "Read between the lines" "READBETWEENTHELINES" "Read between the lines" "READ_BETWEEN_THE_LINES" "Read between the lines" "READ-BETWEEN-THE-LINES" "Read between the lines" "RECHTMAN" "Rechtman" "RESPECTIVE" "Respective" "RESPECTIVE SLANTED" "Respective Slanted" "RESPECTIVESLANTED" "Respective Slanted" "RESPECTIVE_SLANTED" "Respective Slanted" "RESPECTIVE-SLANTED" "Respective Slanted" "RESPECTIVE SWASHES" "Respective Swashes" "RESPECTIVESWASHES" "Respective Swashes" "RESPECTIVE_SWASHES" "Respective Swashes" "RESPECTIVE-SWASHES" "Respective Swashes" "RESPECTIVE SWASHES SLANTED" "Respective Swashes Slanted" "RESPECTIVESWASHESSLANTED" "Respective Swashes Slanted" "RESPECTIVE_SWASHES_SLANTED" "Respective Swashes Slanted" "RESPECTIVE-SWASHES-SLANTED" "Respective Swashes Slanted" "RETROGRAPH" "Retrograph" "ROADSIGN" "RoadSign" "ROAD SIGN" "RoadSign" "ROAD_SIGN" "RoadSign" "ROAD-SIGN" "RoadSign" "ROCK SALT" "Rock Salt" "ROCKSALT" "Rock Salt" "ROCK_SALT" "Rock Salt" "ROCK-SALT" "Rock Salt" "ROMANGRIDCAPS" "RomanGridCaps" "ROMAN GRID CAPS" "RomanGridCaps" "ROMAN_GRID_CAPS" "RomanGridCaps" "ROMAN-GRID-CAPS" "RomanGridCaps" "ROSEGARDEN" "Rosegarden" "ROTHENBURG DECORATIVE" "Rothenburg Decorative" "ROTHENBURGDECORATIVE" "Rothenburg Decorative" "ROTHENBURG_DECORATIVE" "Rothenburg Decorative" "ROTHENBURG-DECORATIVE" "Rothenburg Decorative" "ROUGH FLEURONS FREE" "Rough Fleurons Free" "ROUGHFLEURONSFREE" "Rough Fleurons Free" "ROUGH_FLEURONS_FREE" "Rough Fleurons Free" "ROUGH-FLEURONS-FREE" "Rough Fleurons Free" "ROUND GEOMETRIC" "Round Geometric" "ROUNDGEOMETRIC" "Round Geometric" "ROUND_GEOMETRIC" "Round Geometric" "ROUND-GEOMETRIC" "Round Geometric" "RUBIK" "Rubik" "RUTHIE" "Ruthie" "STFANGSONG" "STFangsong" "STHEITI" "STHeiti" "STIXGENERAL" "STIXGeneral" "STIXINTEGRALSD" "STIXIntegralsD" "STIXINTEGRALS D" "STIXIntegralsD" "STIXINTEGRALS_D" "STIXIntegralsD" "STIXINTEGRALS-D" "STIXIntegralsD" "STIXINTEGRALSSM" "STIXIntegralsSm" "STIXINTEGRALS SM" "STIXIntegralsSm" "STIXINTEGRALS_SM" "STIXIntegralsSm" "STIXINTEGRALS-SM" "STIXIntegralsSm" "STIXINTEGRALSUP" "STIXIntegralsUp" "STIXINTEGRALS UP" "STIXIntegralsUp" "STIXINTEGRALS_UP" "STIXIntegralsUp" "STIXINTEGRALS-UP" "STIXIntegralsUp" "STIXINTEGRALSUPD" "STIXIntegralsUpD" "STIXINTEGRALS UP D" "STIXIntegralsUpD" "STIXINTEGRALS_UP_D" "STIXIntegralsUpD" "STIXINTEGRALS-UP-D" "STIXIntegralsUpD" "STIXINTEGRALSUPSM" "STIXIntegralsUpSm" "STIXINTEGRALS UP SM" "STIXIntegralsUpSm" "STIXINTEGRALS_UP_SM" "STIXIntegralsUpSm" "STIXINTEGRALS-UP-SM" "STIXIntegralsUpSm" "STIXNONUNICODE" "STIXNonUnicode" "STIXNON UNICODE" "STIXNonUnicode" "STIXNON_UNICODE" "STIXNonUnicode" "STIXNON-UNICODE" "STIXNonUnicode" "STIXSIZEFIVESYM" "STIXSizeFiveSym" "STIXSIZE FIVE SYM" "STIXSizeFiveSym" "STIXSIZE_FIVE_SYM" "STIXSizeFiveSym" "STIXSIZE-FIVE-SYM" "STIXSizeFiveSym" "STIXSIZEFOURSYM" "STIXSizeFourSym" "STIXSIZE FOUR SYM" "STIXSizeFourSym" "STIXSIZE_FOUR_SYM" "STIXSizeFourSym" "STIXSIZE-FOUR-SYM" "STIXSizeFourSym" "STIXSIZEONESYM" "STIXSizeOneSym" "STIXSIZE ONE SYM" "STIXSizeOneSym" "STIXSIZE_ONE_SYM" "STIXSizeOneSym" "STIXSIZE-ONE-SYM" "STIXSizeOneSym" "STIXSIZETHREESYM" "STIXSizeThreeSym" "STIXSIZE THREE SYM" "STIXSizeThreeSym" "STIXSIZE_THREE_SYM" "STIXSizeThreeSym" "STIXSIZE-THREE-SYM" "STIXSizeThreeSym" "STIXSIZETWOSYM" "STIXSizeTwoSym" "STIXSIZE TWO SYM" "STIXSizeTwoSym" "STIXSIZE_TWO_SYM" "STIXSizeTwoSym" "STIXSIZE-TWO-SYM" "STIXSizeTwoSym" "STIXVARIANTS" "STIXVariants" "STKAITI" "STKaiti" "STSONG" "STSong" "SACRAMENTO" "Sacramento" "SANA" "Sana" "SANCHEZ " "Sanchez " "SANCHEZ" "Sanchez " "SANCTUARY PLAYGROUND" "Sanctuary Playground" "SANCTUARYPLAYGROUND" "Sanctuary Playground" "SANCTUARY_PLAYGROUND" "Sanctuary Playground" "SANCTUARY-PLAYGROUND" "Sanctuary Playground" "SATHU" "Sathu" "SATISFY" "Satisfy" "SAVOYE LET" "Savoye LET" "SAVOYELET" "Savoye LET" "SAVOYE_LET" "Savoye LET" "SAVOYE-LET" "Savoye LET" "SCARS BEFORE CHRISTMAS" "Scars Before Christmas" "SCARSBEFORECHRISTMAS" "Scars Before Christmas" "SCARS_BEFORE_CHRISTMAS" "Scars Before Christmas" "SCARS-BEFORE-CHRISTMAS" "Scars Before Christmas" "SEPEDA" "Sepeda" "SERAVEK" "Seravek" "SERVUS TEXT DISPLAY" "Servus Text Display" "SERVUSTEXTDISPLAY" "Servus Text Display" "SERVUS_TEXT_DISPLAY" "Servus Text Display" "SERVUS-TEXT-DISPLAY" "Servus Text Display" "SERVUS TEXT DISPLAY ITALIC" "Servus Text Display Italic" "SERVUSTEXTDISPLAYITALIC" "Servus Text Display Italic" "SERVUS_TEXT_DISPLAY_ITALIC" "Servus Text Display Italic" "SERVUS-TEXT-DISPLAY-ITALIC" "Servus Text Display Italic" "SEXSMITH" "Sexsmith" "SHINY DARKS" "Shiny Darks" "SHINYDARKS" "Shiny Darks" "SHINY_DARKS" "Shiny Darks" "SHINY-DARKS" "Shiny Darks" "SHIT HAPPENS" "Shit Happens" "SHITHAPPENS" "Shit Happens" "SHIT_HAPPENS" "Shit Happens" "SHIT-HAPPENS" "Shit Happens" "SHREE DEVANAGARI 714" "Shree Devanagari 714" "SHREEDEVANAGARI714" "Shree Devanagari 714" "SHREE_DEVANAGARI_714" "Shree Devanagari 714" "SHREE-DEVANAGARI-714" "Shree Devanagari 714" "SIGNPAINTER" "SignPainter" "SIGN PAINTER" "SignPainter" "SIGN_PAINTER" "SignPainter" "SIGN-PAINTER" "SignPainter" "SIGNATURE OF THE ANCIENT " "Signature of the Ancient " "SIGNATURE OF THE ANCIENT" "Signature of the Ancient " "SIGNATUREOFTHEANCIENT" "Signature of the Ancient " "SIGNATURE_OF_THE_ANCIENT" "Signature of the Ancient " "SIGNATURE-OF-THE-ANCIENT" "Signature of the Ancient " "SILLY ALIENS" "Silly Aliens" "SILLYALIENS" "Silly Aliens" "SILLY_ALIENS" "Silly Aliens" "SILLY-ALIENS" "Silly Aliens" "SILOM" "Silom" "SIMPLICITY" "Simplicity" "SINHALA MN" "Sinhala MN" "SINHALAMN" "Sinhala MN" "SINHALA_MN" "Sinhala MN" "SINHALA-MN" "Sinhala MN" "SINHALA SANGAM MN" "Sinhala Sangam MN" "SINHALASANGAMMN" "Sinhala Sangam MN" "SINHALA_SANGAM_MN" "Sinhala Sangam MN" "SINHALA-SANGAM-MN" "Sinhala Sangam MN" "SKIA" "Skia" "SKINNY" "Skinny" "SMOKING" "Smoking" "SMYTHE" "Smythe" "SNELL ROUNDHAND" "Snell Roundhand" "SNELLROUNDHAND" "Snell Roundhand" "SNELL_ROUNDHAND" "Snell Roundhand" "SNELL-ROUNDHAND" "Snell Roundhand" "SOLAR" "Solar" "SONGTI SC" "Songti SC" "SONGTISC" "Songti SC" "SONGTI_SC" "Songti SC" "SONGTI-SC" "Songti SC" "SONGTI TC" "Songti TC" "SONGTITC" "Songti TC" "SONGTI_TC" "Songti TC" "SONGTI-TC" "Songti TC" "SOURCE CODE PRO" "Source Code Pro" "SOURCECODEPRO" "Source Code Pro" "SOURCE_CODE_PRO" "Source Code Pro" "SOURCE-CODE-PRO" "Source Code Pro" "SOVIET" "Soviet" "SOVIET 3D" "Soviet 3D" "SOVIET3D" "Soviet 3D" "SOVIET_3D" "Soviet 3D" "SOVIET-3D" "Soviet 3D" "SOVIET 3D ITALIC" "Soviet 3D Italic" "SOVIET3DITALIC" "Soviet 3D Italic" "SOVIET_3D_ITALIC" "Soviet 3D Italic" "SOVIET-3D-ITALIC" "Soviet 3D Italic" "SOVIET BOLD" "Soviet Bold" "SOVIETBOLD" "Soviet Bold" "SOVIET_BOLD" "Soviet Bold" "SOVIET-BOLD" "Soviet Bold" "SOVIET BOLD EXPITAL" "Soviet Bold ExpItal" "SOVIETBOLDEXPITAL" "Soviet Bold ExpItal" "SOVIET_BOLD_EXPITAL" "Soviet Bold ExpItal" "SOVIET-BOLD-EXPITAL" "Soviet Bold ExpItal" "SOVIET BOLD EXP ITAL" "Soviet Bold ExpItal" "SOVIET_BOLD_EXP_ITAL" "Soviet Bold ExpItal" "SOVIET-BOLD-EXP-ITAL" "Soviet Bold ExpItal" "SOVIET BOLD EXPANDED" "Soviet Bold Expanded" "SOVIETBOLDEXPANDED" "Soviet Bold Expanded" "SOVIET_BOLD_EXPANDED" "Soviet Bold Expanded" "SOVIET-BOLD-EXPANDED" "Soviet Bold Expanded" "SOVIET BOLD ITALIC" "Soviet Bold Italic" "SOVIETBOLDITALIC" "Soviet Bold Italic" "SOVIET_BOLD_ITALIC" "Soviet Bold Italic" "SOVIET-BOLD-ITALIC" "Soviet Bold Italic" "SOVIET EXPITAL 3D" "Soviet ExpItal 3D" "SOVIETEXPITAL3D" "Soviet ExpItal 3D" "SOVIET_EXPITAL_3D" "Soviet ExpItal 3D" "SOVIET-EXPITAL-3D" "Soviet ExpItal 3D" "SOVIET EXP ITAL 3D" "Soviet ExpItal 3D" "SOVIET_EXP_ITAL_3D" "Soviet ExpItal 3D" "SOVIET-EXP-ITAL-3D" "Soviet ExpItal 3D" "SOVIET EXPANDED" "Soviet Expanded" "SOVIETEXPANDED" "Soviet Expanded" "SOVIET_EXPANDED" "Soviet Expanded" "SOVIET-EXPANDED" "Soviet Expanded" "SOVIET EXPANDED 3D" "Soviet Expanded 3D" "SOVIETEXPANDED3D" "Soviet Expanded 3D" "SOVIET_EXPANDED_3D" "Soviet Expanded 3D" "SOVIET-EXPANDED-3D" "Soviet Expanded 3D" "SOVIET EXPANDED ITALIC" "Soviet Expanded Italic" "SOVIETEXPANDEDITALIC" "Soviet Expanded Italic" "SOVIET_EXPANDED_ITALIC" "Soviet Expanded Italic" "SOVIET-EXPANDED-ITALIC" "Soviet Expanded Italic" "SOVIET ITALIC" "Soviet Italic" "SOVIETITALIC" "Soviet Italic" "SOVIET_ITALIC" "Soviet Italic" "SOVIET-ITALIC" "Soviet Italic" "SOVIET PUNK" "Soviet Punk" "SOVIETPUNK" "Soviet Punk" "SOVIET_PUNK" "Soviet Punk" "SOVIET-PUNK" "Soviet Punk" "SOVIET X-EXPANDED" "Soviet X-Expanded" "SOVIETX-EXPANDED" "Soviet X-Expanded" "SOVIET_X-EXPANDED" "Soviet X-Expanded" "SOVIET-X-EXPANDED" "Soviet X-Expanded" "SOVIET X-EXPANDED ITALIC" "Soviet X-Expanded Italic" "SOVIETX-EXPANDEDITALIC" "Soviet X-Expanded Italic" "SOVIET_X-EXPANDED_ITALIC" "Soviet X-Expanded Italic" "SOVIET-X-EXPANDED-ITALIC" "Soviet X-Expanded Italic" "SQUIB" "Squib" "STAR THINGS" "Star Things" "STARTHINGS" "Star Things" "STAR_THINGS" "Star Things" "STAR-THINGS" "Star Things" "STAR THINGS 2" "Star Things 2" "STARTHINGS2" "Star Things 2" "STAR_THINGS_2" "Star Things 2" "STAR-THINGS-2" "Star Things 2" "STAR THINGS 3" "Star Things 3" "STARTHINGS3" "Star Things 3" "STAR_THINGS_3" "Star Things 3" "STAR-THINGS-3" "Star Things 3" "STARGAZER" "Stargazer" "STARSTRUCK" "Starstruck" "STEA" "Stea" "STITCH WARRIOR" "Stitch Warrior" "STITCHWARRIOR" "Stitch Warrior" "STITCH_WARRIOR" "Stitch Warrior" "STITCH-WARRIOR" "Stitch Warrior" "STUTTER" "Stutter" "SUBIKTOTREEBETA" "SubiktoTreebeta" "SUBIKTO TREEBETA" "SubiktoTreebeta" "SUBIKTO_TREEBETA" "SubiktoTreebeta" "SUBIKTO-TREEBETA" "SubiktoTreebeta" "SUE ELLEN FRANCISCO " "Sue Ellen Francisco " "SUE ELLEN FRANCISCO" "Sue Ellen Francisco " "SUEELLENFRANCISCO" "Sue Ellen Francisco " "SUE_ELLEN_FRANCISCO" "Sue Ellen Francisco " "SUE-ELLEN-FRANCISCO" "Sue Ellen Francisco " "SUKHUMVIT SET" "Sukhumvit Set" "SUKHUMVITSET" "Sukhumvit Set" "SUKHUMVIT_SET" "Sukhumvit Set" "SUKHUMVIT-SET" "Sukhumvit Set" "SUNSHINEY" "Sunshiney" "SUPERVILLAIN" "SuperVillain" "SUPER VILLAIN" "SuperVillain" "SUPER_VILLAIN" "SuperVillain" "SUPER-VILLAIN" "SuperVillain" "SUPERCLARENDON" "Superclarendon" "SYMBOL" "Symbol" "SYMBOLCRUCIFIX" "SymbolCrucifix" "SYMBOL CRUCIFIX" "SymbolCrucifix" "SYMBOL_CRUCIFIX" "SymbolCrucifix" "SYMBOL-CRUCIFIX" "SymbolCrucifix" "TT MOONS THIN DEMO" "TT Moons Thin DEMO" "TTMOONSTHINDEMO" "TT Moons Thin DEMO" "TT_MOONS_THIN_DEMO" "TT Moons Thin DEMO" "TT-MOONS-THIN-DEMO" "TT Moons Thin DEMO" "TAHOMA" "Tahoma" "TALK" "Talk" "TAMIL MN" "Tamil MN" "TAMILMN" "Tamil MN" "TAMIL_MN" "Tamil MN" "TAMIL-MN" "Tamil MN" "TAMIL SANGAM MN" "Tamil Sangam MN" "TAMILSANGAMMN" "Tamil Sangam MN" "TAMIL_SANGAM_MN" "Tamil Sangam MN" "TAMIL-SANGAM-MN" "Tamil Sangam MN" "TARTLERS END" "Tartlers End" "TARTLERSEND" "Tartlers End" "TARTLERS_END" "Tartlers End" "TARTLERS-END" "Tartlers End" "TELUGU MN" "Telugu MN" "TELUGUMN" "Telugu MN" "TELUGU_MN" "Telugu MN" "TELUGU-MN" "Telugu MN" "TELUGU SANGAM MN" "Telugu Sangam MN" "TELUGUSANGAMMN" "Telugu Sangam MN" "TELUGU_SANGAM_MN" "Telugu Sangam MN" "TELUGU-SANGAM-MN" "Telugu Sangam MN" "TENDRILS" "Tendrils" "TET DE MOR" "Tet de mor" "TETDEMOR" "Tet de mor" "TET_DE_MOR" "Tet de mor" "TET-DE-MOR" "Tet de mor" "TEUTONIC NO1" "Teutonic No1" "TEUTONICNO1" "Teutonic No1" "TEUTONIC_NO1" "Teutonic No1" "TEUTONIC-NO1" "Teutonic No1" "TEUTONIC NO2" "Teutonic No2" "TEUTONICNO2" "Teutonic No2" "TEUTONIC_NO2" "Teutonic No2" "TEUTONIC-NO2" "Teutonic No2" "TEUTONIC NO3" "Teutonic No3" "TEUTONICNO3" "Teutonic No3" "TEUTONIC_NO3" "Teutonic No3" "TEUTONIC-NO3" "Teutonic No3" "TEUTONIC NO4" "Teutonic No4" "TEUTONICNO4" "Teutonic No4" "TEUTONIC_NO4" "Teutonic No4" "TEUTONIC-NO4" "Teutonic No4" "TEXTBOOK MATH" "Textbook Math" "TEXTBOOKMATH" "Textbook Math" "TEXTBOOK_MATH" "Textbook Math" "TEXTBOOK-MATH" "Textbook Math" "THE BLACK PEARL" "The Black Pearl" "THEBLACKPEARL" "The Black Pearl" "THE_BLACK_PEARL" "The Black Pearl" "THE-BLACK-PEARL" "The Black Pearl" "THE FLOWERY SPRING" "The Flowery Spring" "THEFLOWERYSPRING" "The Flowery Spring" "THE_FLOWERY_SPRING" "The Flowery Spring" "THE-FLOWERY-SPRING" "The Flowery Spring" "THE HEART OF EVERYTHING DEMO" "The Heart of Everything Demo" "THEHEARTOFEVERYTHINGDEMO" "The Heart of Everything Demo" "THE_HEART_OF_EVERYTHING_DEMO" "The Heart of Everything Demo" "THE-HEART-OF-EVERYTHING-DEMO" "The Heart of Everything Demo" "THE OCTOPUS" "The Octopus" "THEOCTOPUS" "The Octopus" "THE_OCTOPUS" "The Octopus" "THE-OCTOPUS" "The Octopus" "THE QUICK SOUTH ST" "The Quick South St" "THEQUICKSOUTHST" "The Quick South St" "THE_QUICK_SOUTH_ST" "The Quick South St" "THE-QUICK-SOUTH-ST" "The Quick South St" "THE SOUL OF VODKA" "The Soul Of Vodka" "THESOULOFVODKA" "The Soul Of Vodka" "THE_SOUL_OF_VODKA" "The Soul Of Vodka" "THE-SOUL-OF-VODKA" "The Soul Of Vodka" "THEAGE" "Theage" "THONBURI" "Thonburi" "THRYOMANES" "Thryomanes" "TICKING TIMEBOMB BB" "Ticking Timebomb BB" "TICKINGTIMEBOMBBB" "Ticking Timebomb BB" "TICKING_TIMEBOMB_BB" "Ticking Timebomb BB" "TICKING-TIMEBOMB-BB" "Ticking Timebomb BB" "TIMELESS" "Timeless" "TIMES" "Times" "TIMES NEW OMEN" "Times New Omen" "TIMESNEWOMEN" "Times New Omen" "TIMES_NEW_OMEN" "Times New Omen" "TIMES-NEW-OMEN" "Times New Omen" "TIMES NEW ROMAN" "Times New Roman" "TIMESNEWROMAN" "Times New Roman" "TIMES_NEW_ROMAN" "Times New Roman" "TIMES-NEW-ROMAN" "Times New Roman" "TIMES NEW ZOO-MAN" "Times New Zoo-man" "TIMESNEWZOO-MAN" "Times New Zoo-man" "TIMES_NEW_ZOO-MAN" "Times New Zoo-man" "TIMES-NEW-ZOO-MAN" "Times New Zoo-man" "TOOL" "Tool" "TRATTATELLO" "Trattatello" "TRAVELING _TYPEWRITER" "Traveling _Typewriter" "TRAVELINGTYPEWRITER" "Traveling _Typewriter" "TRAVELING__TYPEWRITER" "Traveling _Typewriter" "TRAVELING TYPEWRITER" "Traveling _Typewriter" "TRAVELING_TYPEWRITER" "Traveling _Typewriter" "TRAVELING-_TYPEWRITER" "Traveling _Typewriter" "TRAVELING-TYPEWRITER" "Traveling _Typewriter" "TREBUCHET MS" "Trebuchet MS" "TREBUCHETMS" "Trebuchet MS" "TREBUCHET_MS" "Trebuchet MS" "TREBUCHET-MS" "Trebuchet MS" "TRIBAL BUTTERFLIES" "Tribal Butterflies" "TRIBALBUTTERFLIES" "Tribal Butterflies" "TRIBAL_BUTTERFLIES" "Tribal Butterflies" "TRIBAL-BUTTERFLIES" "Tribal Butterflies" "TSUKUSHI A ROUND GOTHIC" "Tsukushi A Round Gothic" "TSUKUSHIAROUNDGOTHIC" "Tsukushi A Round Gothic" "TSUKUSHI_A_ROUND_GOTHIC" "Tsukushi A Round Gothic" "TSUKUSHI-A-ROUND-GOTHIC" "Tsukushi A Round Gothic" "TSUKUSHI B ROUND GOTHIC" "Tsukushi B Round Gothic" "TSUKUSHIBROUNDGOTHIC" "Tsukushi B Round Gothic" "TSUKUSHI_B_ROUND_GOTHIC" "Tsukushi B Round Gothic" "TSUKUSHI-B-ROUND-GOTHIC" "Tsukushi B Round Gothic" "TYPO QUIK DEMO" "Typo Quik Demo" "TYPOQUIKDEMO" "Typo Quik Demo" "TYPO_QUIK_DEMO" "Typo Quik Demo" "TYPO-QUIK-DEMO" "Typo Quik Demo" "TYPO QUIK LIGHT DEMO" "Typo Quik Light Demo" "TYPOQUIKLIGHTDEMO" "Typo Quik Light Demo" "TYPO_QUIK_LIGHT_DEMO" "Typo Quik Light Demo" "TYPO-QUIK-LIGHT-DEMO" "Typo Quik Light Demo" "TYPOGRAPHY TIMES" "Typography Times" "TYPOGRAPHYTIMES" "Typography Times" "TYPOGRAPHY_TIMES" "Typography Times" "TYPOGRAPHY-TIMES" "Typography Times" "UNIFRAKTURMAGUNTIA" "UnifrakturMaguntia" "UNIFRAKTUR MAGUNTIA" "UnifrakturMaguntia" "UNIFRAKTUR_MAGUNTIA" "UnifrakturMaguntia" "UNIFRAKTUR-MAGUNTIA" "UnifrakturMaguntia" "UNIFRAKTURMAGUNTIA16" "UnifrakturMaguntia16" "UNIFRAKTUR MAGUNTIA16" "UnifrakturMaguntia16" "UNIFRAKTUR_MAGUNTIA16" "UnifrakturMaguntia16" "UNIFRAKTUR-MAGUNTIA16" "UnifrakturMaguntia16" "UNIFRAKTURMAGUNTIA17" "UnifrakturMaguntia17" "UNIFRAKTUR MAGUNTIA17" "UnifrakturMaguntia17" "UNIFRAKTUR_MAGUNTIA17" "UnifrakturMaguntia17" "UNIFRAKTUR-MAGUNTIA17" "UnifrakturMaguntia17" "UNIFRAKTURMAGUNTIA18" "UnifrakturMaguntia18" "UNIFRAKTUR MAGUNTIA18" "UnifrakturMaguntia18" "UNIFRAKTUR_MAGUNTIA18" "UnifrakturMaguntia18" "UNIFRAKTUR-MAGUNTIA18" "UnifrakturMaguntia18" "UNIFRAKTURMAGUNTIA19" "UnifrakturMaguntia19" "UNIFRAKTUR MAGUNTIA19" "UnifrakturMaguntia19" "UNIFRAKTUR_MAGUNTIA19" "UnifrakturMaguntia19" "UNIFRAKTUR-MAGUNTIA19" "UnifrakturMaguntia19" "UNIFRAKTURMAGUNTIA20" "UnifrakturMaguntia20" "UNIFRAKTUR MAGUNTIA20" "UnifrakturMaguntia20" "UNIFRAKTUR_MAGUNTIA20" "UnifrakturMaguntia20" "UNIFRAKTUR-MAGUNTIA20" "UnifrakturMaguntia20" "UNIFRAKTURMAGUNTIA21" "UnifrakturMaguntia21" "UNIFRAKTUR MAGUNTIA21" "UnifrakturMaguntia21" "UNIFRAKTUR_MAGUNTIA21" "UnifrakturMaguntia21" "UNIFRAKTUR-MAGUNTIA21" "UnifrakturMaguntia21" "VALUESTAMP" "ValueStamp" "VALUE STAMP" "ValueStamp" "VALUE_STAMP" "ValueStamp" "VALUE-STAMP" "ValueStamp" "VAMPIRE CALLIGRAPHY" "Vampire Calligraphy" "VAMPIRECALLIGRAPHY" "Vampire Calligraphy" "VAMPIRE_CALLIGRAPHY" "Vampire Calligraphy" "VAMPIRE-CALLIGRAPHY" "Vampire Calligraphy" "VANESSA" "Vanessa" "VECTOR WAVES" "Vector Waves" "VECTORWAVES" "Vector Waves" "VECTOR_WAVES" "Vector Waves" "VECTOR-WAVES" "Vector Waves" "VERDANA" "Verdana" "VIBUR" "Vibur" "VINEGAR" "Vinegar" "VINTAGE  VACATION" "Vintage  Vacation" "VINTAGEVACATION" "Vintage  Vacation" "VINTAGE__VACATION" "Vintage  Vacation" "VINTAGE VACATION" "Vintage  Vacation" "VINTAGE_VACATION" "Vintage  Vacation" "VINTAGE--VACATION" "Vintage  Vacation" "VINTAGE-VACATION" "Vintage  Vacation" "VINTAGE DECORATIVE SIGNS 4" "Vintage Decorative Signs 4" "VINTAGEDECORATIVESIGNS4" "Vintage Decorative Signs 4" "VINTAGE_DECORATIVE_SIGNS_4" "Vintage Decorative Signs 4" "VINTAGE-DECORATIVE-SIGNS-4" "Vintage Decorative Signs 4" "VINTAGE DECORATIVE SIGNS 6" "Vintage Decorative Signs 6" "VINTAGEDECORATIVESIGNS6" "Vintage Decorative Signs 6" "VINTAGE_DECORATIVE_SIGNS_6" "Vintage Decorative Signs 6" "VINTAGE-DECORATIVE-SIGNS-6" "Vintage Decorative Signs 6" "VINTAGE DECORATIVE SIGNS 8" "Vintage Decorative Signs 8" "VINTAGEDECORATIVESIGNS8" "Vintage Decorative Signs 8" "VINTAGE_DECORATIVE_SIGNS_8" "Vintage Decorative Signs 8" "VINTAGE-DECORATIVE-SIGNS-8" "Vintage Decorative Signs 8" "VINTAGE EROTIQUE" "Vintage Erotique" "VINTAGEEROTIQUE" "Vintage Erotique" "VINTAGE_EROTIQUE" "Vintage Erotique" "VINTAGE-EROTIQUE" "Vintage Erotique" "VINTAGE PANELS_01" "Vintage Panels_01" "VINTAGEPANELS01" "Vintage Panels_01" "VINTAGE_PANELS_01" "Vintage Panels_01" "VINTAGE PANELS 01" "Vintage Panels_01" "VINTAGE-PANELS_01" "Vintage Panels_01" "VINTAGE-PANELS-01" "Vintage Panels_01" "VINTAGE PANELS_014" "Vintage Panels_014" "VINTAGEPANELS014" "Vintage Panels_014" "VINTAGE_PANELS_014" "Vintage Panels_014" "VINTAGE PANELS 014" "Vintage Panels_014" "VINTAGE-PANELS_014" "Vintage Panels_014" "VINTAGE-PANELS-014" "Vintage Panels_014" "VINTAGE PANELS_04" "Vintage Panels_04" "VINTAGEPANELS04" "Vintage Panels_04" "VINTAGE_PANELS_04" "Vintage Panels_04" "VINTAGE PANELS 04" "Vintage Panels_04" "VINTAGE-PANELS_04" "Vintage Panels_04" "VINTAGE-PANELS-04" "Vintage Panels_04" "VINTAGEONE" "VintageOne" "VINTAGE ONE" "VintageOne" "VINTAGE_ONE" "VintageOne" "VINTAGE-ONE" "VintageOne" "VIRTUALVECTORVORTEX" "VirtualVectorVortex" "VIRTUAL VECTOR VORTEX" "VirtualVectorVortex" "VIRTUAL_VECTOR_VORTEX" "VirtualVectorVortex" "VIRTUAL-VECTOR-VORTEX" "VirtualVectorVortex" "VODKA " "Vodka " "VODKA" "Vodka " "VOOR" "Voor" "WACH OP-ART" "Wach Op-Art" "WACHOP-ART" "Wach Op-Art" "WACH_OP-ART" "Wach Op-Art" "WACH-OP-ART" "Wach Op-Art" "WAITING FOR THE SUNRISE" "Waiting for the Sunrise" "WAITINGFORTHESUNRISE" "Waiting for the Sunrise" "WAITING_FOR_THE_SUNRISE" "Waiting for the Sunrise" "WAITING-FOR-THE-SUNRISE" "Waiting for the Sunrise" "WASEEM" "Waseem" "WAWATI SC" "Wawati SC" "WAWATISC" "Wawati SC" "WAWATI_SC" "Wawati SC" "WAWATI-SC" "Wawati SC" "WAWATI TC" "Wawati TC" "WAWATITC" "Wawati TC" "WAWATI_TC" "Wawati TC" "WAWATI-TC" "Wawati TC" "WE SPRAY" "We Spray" "WESPRAY" "We Spray" "WE_SPRAY" "We Spray" "WE-SPRAY" "We Spray" "WEATHER ICONS" "Weather Icons" "WEATHERICONS" "Weather Icons" "WEATHER_ICONS" "Weather Icons" "WEATHER-ICONS" "Weather Icons" "WEBDINGS" "Webdings" "WEIBEI SC" "Weibei SC" "WEIBEISC" "Weibei SC" "WEIBEI_SC" "Weibei SC" "WEIBEI-SC" "Weibei SC" "WEIBEI TC" "Weibei TC" "WEIBEITC" "Weibei TC" "WEIBEI_TC" "Weibei TC" "WEIBEI-TC" "Weibei TC" "WIBBLE" "Wibble" "WINGDINGS" "Wingdings" "WINGDINGS 2" "Wingdings 2" "WINGDINGS2" "Wingdings 2" "WINGDINGS_2" "Wingdings 2" "WINGDINGS-2" "Wingdings 2" "WINGDINGS 3" "Wingdings 3" "WINGDINGS3" "Wingdings 3" "WINGDINGS_3" "Wingdings 3" "WINGDINGS-3" "Wingdings 3" "WONDERLAND" "Wonderland" "WOODCUTTER TAGS ON A ROPE" "Woodcutter Tags on a Rope" "WOODCUTTERTAGSONAROPE" "Woodcutter Tags on a Rope" "WOODCUTTER_TAGS_ON_A_ROPE" "Woodcutter Tags on a Rope" "WOODCUTTER-TAGS-ON-A-ROPE" "Woodcutter Tags on a Rope" "XINGKAI SC" "Xingkai SC" "XINGKAISC" "Xingkai SC" "XINGKAI_SC" "Xingkai SC" "XINGKAI-SC" "Xingkai SC" "XPERIMENTYPOTHREE" "XperimentypoThree" "XPERIMENTYPO THREE" "XperimentypoThree" "XPERIMENTYPO_THREE" "XperimentypoThree" "XPERIMENTYPO-THREE" "XperimentypoThree" "YOUTH AND BEAUTY" "Youth and Beauty" "YOUTHANDBEAUTY" "Youth and Beauty" "YOUTH_AND_BEAUTY" "Youth and Beauty" "YOUTH-AND-BEAUTY" "Youth and Beauty" "YUGOTHIC" "YuGothic" "YU GOTHIC" "YuGothic" "YU_GOTHIC" "YuGothic" "YU-GOTHIC" "YuGothic" "YUMINCHO" "YuMincho" "YU MINCHO" "YuMincho" "YU_MINCHO" "YuMincho" "YU-MINCHO" "YuMincho" "YUMINCHO +36P KANA" "YuMincho +36p Kana" "YUMINCHO+36PKANA" "YuMincho +36p Kana" "YUMINCHO_+36P_KANA" "YuMincho +36p Kana" "YUMINCHO-+36P-KANA" "YuMincho +36p Kana" "YU MINCHO +36P KANA" "YuMincho +36p Kana" "YU_MINCHO_+36P_KANA" "YuMincho +36p Kana" "YU-MINCHO-+36P-KANA" "YuMincho +36p Kana" "YUANTI SC" "Yuanti SC" "YUANTISC" "Yuanti SC" "YUANTI_SC" "Yuanti SC" "YUANTI-SC" "Yuanti SC" "YUANTI TC" "Yuanti TC" "YUANTITC" "Yuanti TC" "YUANTI_TC" "Yuanti TC" "YUANTI-TC" "Yuanti TC" "YUPPY SC" "Yuppy SC" "YUPPYSC" "Yuppy SC" "YUPPY_SC" "Yuppy SC" "YUPPY-SC" "Yuppy SC" "YUPPY TC" "Yuppy TC" "YUPPYTC" "Yuppy TC" "YUPPY_TC" "Yuppy TC" "YUPPY-TC" "Yuppy TC" "ZILAP GEOMETRIK" "ZILAP GEOMETRIK" "ZILAPGEOMETRIK" "ZILAP GEOMETRIK" "ZILAP_GEOMETRIK" "ZILAP GEOMETRIK" "ZILAP-GEOMETRIK" "ZILAP GEOMETRIK" "ZAPF DINGBATS" "Zapf Dingbats" "ZAPFDINGBATS" "Zapf Dingbats" "ZAPF_DINGBATS" "Zapf Dingbats" "ZAPF-DINGBATS" "Zapf Dingbats" "ZAPFINO" "Zapfino" "ZENDA" "Zenda" "ZENYTH" "Zenyth" "ZEYADA" "Zeyada" "ZIGZAG" "Zigzag" "AA QWERTZ-TASTEN" "aa QWERTZ-Tasten" "AAQWERTZ-TASTEN" "aa QWERTZ-Tasten" "AA_QWERTZ-TASTEN" "aa QWERTZ-Tasten" "AA-QWERTZ-TASTEN" "aa QWERTZ-Tasten" "ACADEMICONS" "academicons" "ALL-THE-ICONS" "all-the-icons" "BABY PIRATE" "baby pirate" "BABYPIRATE" "baby pirate" "BABY_PIRATE" "baby pirate" "BABY-PIRATE" "baby pirate" "BARRY" "barry" "BIRTHDAY BALON TFB" "birthday balon tfb" "BIRTHDAYBALONTFB" "birthday balon tfb" "BIRTHDAY_BALON_TFB" "birthday balon tfb" "BIRTHDAY-BALON-TFB" "birthday balon tfb" "CALENDAR NOTE TFB" "calendar note tfb" "CALENDARNOTETFB" "calendar note tfb" "CALENDAR_NOTE_TFB" "calendar note tfb" "CALENDAR-NOTE-TFB" "calendar note tfb" "CIPHER" "cipher" "CITYSCAPE FONT" "cityscape font" "CITYSCAPEFONT" "cityscape font" "CITYSCAPE_FONT" "cityscape font" "CITYSCAPE-FONT" "cityscape font" "CODEX" "codex" "FILE-ICONS" "file-icons" "FILIGREES AND ORNAMENTS ST" "filigrees and ornaments ST" "FILIGREESANDORNAMENTSST" "filigrees and ornaments ST" "FILIGREES_AND_ORNAMENTS_ST" "filigrees and ornaments ST" "FILIGREES-AND-ORNAMENTS-ST" "filigrees and ornaments ST" "FRAMES TFB" "frames tfb" "FRAMESTFB" "frames tfb" "FRAMES_TFB" "frames tfb" "FRAMES-TFB" "frames tfb" "GITHUB-OCTICONS" "github-octicons" "HANDWRITING-DRAFT-SHADED DEMO" "handwriting-draft-shaded demo" "HANDWRITING-DRAFT-SHADEDDEMO" "handwriting-draft-shaded demo" "HANDWRITING-DRAFT-SHADED_DEMO" "handwriting-draft-shaded demo" "HANDWRITING-DRAFT-SHADED-DEMO" "handwriting-draft-shaded demo" "HANDWRITING-DRAFT_FREE-VERSION" "handwriting-draft_free-version" "HANDWRITING-DRAFTFREE-VERSION" "handwriting-draft_free-version" "HANDWRITING-DRAFT FREE-VERSION" "handwriting-draft_free-version" "HANDWRITING-DRAFT-FREE-VERSION" "handwriting-draft_free-version" "ICOMOON" "icomoon" "LEAF1" "leaf1" "LPFLOWERS2" "lpflowers2" "MONOFUR" "monofur" "MONONOKI" "mononoki" "OCTICONS" "octicons" "OLD RETRO KEYS TFB" "old retro keys tfb" "OLDRETROKEYSTFB" "old retro keys tfb" "OLD_RETRO_KEYS_TFB" "old retro keys tfb" "OLD-RETRO-KEYS-TFB" "old retro keys tfb" "ORNAMENTS" "ornaments" "RILAKKUMA DINGBAT" "rilakkuma dingbat" "RILAKKUMADINGBAT" "rilakkuma dingbat" "RILAKKUMA_DINGBAT" "rilakkuma dingbat" "RILAKKUMA-DINGBAT" "rilakkuma dingbat" "SKATELOVE" "skatelove" "SKATELOVE ( TOUR 2009)" "skatelove ( tour 2009)" "SKATELOVE(TOUR2009)" "skatelove ( tour 2009)" "SKATELOVE_(_TOUR_2009)" "skatelove ( tour 2009)" "SKATELOVE-(-TOUR-2009)" "skatelove ( tour 2009)" "SKULLPHABET" "skullphabet" "TABLES" "tables" "WMLEAVES1" "wmleaves1" "WMSYMBOLS" "wmsymbols")))))
  :timestamp 1522780881.758053)
